manga,stem,method,iou,precision,recall,f1,tp,fp,fn,inference_time_seconds
ARMS,000,standin,0.07990373422685569,0.0861069563990405,0.5258740294545987,0.14798306866502656,61024,647676,55019,0.0
ARMS,001,standin,0.001467258919615991,0.0014969081086597942,0.06896889542003429,0.0029302184500746863,2816,1878395,38014,0.0
ARMS,002,standin,0.01391294540357209,0.01425815769128476,0.36493441806408766,0.027444063056191202,24178,1671553,42075,0.0
ARMS,003,standin,0.003065015302838634,0.0030845074475125403,0.3266079891672309,0.0061112993795586915,4824,1559121,9946,0.0
ARMS,004,standin,0.0028188926435629845,0.002838439079892232,0.29045101942747303,0.005621937648446195,4231,1486377,10336,0.0
ARMS,005,standin,0.005697322506491144,0.005751743278448718,0.3758392077878483,0.011330093814492325,8957,1548310,14875,0.0
ARMS,006,standin,0.0024526171192962454,0.0024686409523802634,0.27423243851470824,0.004893233011539684,3412,1378725,9030,0.0
ARMS,007,standin,0.0031329774889765605,0.003155889636616464,0.30144781387308217,0.006246385193753615,4185,1321907,9698,0.0
ARMS,008,standin,0.0022100626544742435,0.0022215975171947723,0.298567929150179,0.0044103780970241434,3169,1423282,7445,0.0
ARMS,009,standin,0.002259704440671949,0.0022716233146789265,0.3010307194826192,0.00450921937829081,2979,1308418,6917,0.0
AisazuNihaIrarenai,000,standin,0.005926107920518411,0.0066073683662651655,0.054351867500422514,0.011782392113808528,4824,725270,83931,0.0
AisazuNihaIrarenai,001,standin,0.05954131581467406,0.06280910537604649,0.5336743092298648,0.11239073913581776,90778,1354522,79322,0.0
AisazuNihaIrarenai,002,standin,0.0044696190580435875,0.004531129560279867,0.24769689892305696,0.008899460915970839,7636,1677595,23192,0.0
AisazuNihaIrarenai,003,standin,0.0033618464266335223,0.003383357878037915,0.345873786407767,0.006701164567112813,5415,1595066,10241,0.0
AisazuNihaIrarenai,004,standin,0.009564381253479323,0.009762589906196729,0.3202296467586317,0.018947541001009066,16064,1629401,34100,0.0
AisazuNihaIrarenai,005,standin,0.01680659493966196,0.017186484477813447,0.4319288333233155,0.03305760411724961,28744,1643733,37804,0.0
AisazuNihaIrarenai,006,standin,0.009114883139768704,0.009268404760507418,0.3549567213428339,0.018065104958929115,14845,1586833,26977,0.0
AisazuNihaIrarenai,007,standin,0.008669636548052268,0.008800747499802369,0.367866525825411,0.01719023996344764,13582,1529696,23339,0.0
AisazuNihaIrarenai,008,standin,0.0067724324791028565,0.0068635393905972725,0.33783658166269015,0.013453750342420962,10903,1577636,21370,0.0
AisazuNihaIrarenai,009,standin,0.005440258884625819,0.005502696835949319,0.32407474208210085,0.010821645217709721,8984,1623670,18738,0.0
AkkeraKanjinchou,000,standin,0.07336293881406435,0.0830306517321059,0.38653084323712505,0.13669735773646421,89473,988117,142004,0.0
AkkeraKanjinchou,001,standin,0.004227750843609214,0.004252087000965415,0.4248528264415916,0.008419904429164918,5990,1402730,8109,0.0
AkkeraKanjinchou,002,standin,0.0005410152648791328,0.0005471882376612734,0.04576236404678843,0.0010814454512609994,446,814630,9300,0.0
AkkeraKanjinchou,003,standin,0.006031570579098084,0.00610864526684138,0.323427975617581,0.01199081769496787,8065,1312195,16871,0.0
AkkeraKanjinchou,004,standin,0.005999767034135473,0.00604649370789006,0.4370566990122275,0.011927969032883262,10044,1651084,12937,0.0
AkkeraKanjinchou,005,standin,0.004485050935254573,0.004526780765957343,0.3272927204750385,0.0089300501407734,7441,1636332,15294,0.0
AkkeraKanjinchou,006,standin,0.0038671758909733286,0.003923581002751189,0.21198016796519276,0.00770455690523211,6285,1595568,23364,0.0
AkkeraKanjinchou,007,standin,0.004922026777299841,0.004977173811773788,0.30758790869833436,0.00979583817678744,7479,1495181,16836,0.0
AkkeraKanjinchou,008,standin,0.004600485053987621,0.004661692337591959,0.25946983681606733,0.009158835024333858,7028,1500579,20058,0.0
AkkeraKanjinchou,009,standin,0.004936210616841487,0.005006578081831338,0.25992077043917766,0.009823928254732871,7611,1512589,21671,0.0
Akuhamu,000,standin,0.10493796448894555,0.11260267774619803,0.6065546073490399,0.18994363097566538,168735,1329764,109451,0.0
Akuhamu,001,standin,0.0016694273324524018,0.0016772123496679233,0.26452373930993806,0.0033332899795060263,2691,1601757,7482,0.0
Akuhamu,002,standin,0.006549561930939701,0.0066360651335232255,0.3344193477647943,0.01301388859257995,10675,1597959,21246,0.0
Akuhamu,003,standin,0.004132252693062177,0.0041821103697103745,0.25739855950937746,0.008230494901402798,7219,1718943,20827,0.0
Akuhamu,004,standin,0.0014944348756730137,0.001498940593780986,0.33206933911159264,0.0029844097453392946,2452,1633370,4932,0.0
Akuhamu,005,standin,0.00925589177689908,0.009464221590597859,0.29601568597589994,0.018342011876895024,15550,1627480,36981,0.0
Akuhamu,006,standin,0.0042171256024675936,0.004258499565805887,0.3026772854359061,0.00839883227432032,7145,1670676,16461,0.0
Akuhamu,007,standin,0.009013951652878641,0.00920808841829696,0.2994943135256141,0.017866852362373727,14984,1612281,35047,0.0
Akuhamu,008,standin,0.003991568874722528,0.004031124716596889,0.2891566265060241,0.007951399191920094,7128,1761113,17523,0.0
Akuhamu,009,standin,0.0029212373355681598,0.00294324838121339,0.28089564266390377,0.005825457128276446,4880,1653152,12493,0.0
AosugiruHaru,000,standin,0.009677077953032975,0.010202154869054226,0.1582661439455581,0.01916865929580531,10698,1037904,56897,0.0
AosugiruHaru,001,standin,0.0030853208050928014,0.0031045807759073965,0.33214608774310267,0.006151661760171053,5875,1886490,11813,0.0
AosugiruHaru,002,standin,0.0689004006430704,0.08538996948977737,0.26296922556645247,0.12891828013464798,97200,1041107,272425,0.0
AosugiruHaru,003,standin,0.006321479191732512,0.0063656259348479835,0.4768532169605473,0.012563538237919482,8086,1262174,8871,0.0
AosugiruHaru,004,standin,0.0069102594247198055,0.006973564237340364,0.4322130279618809,0.013725670902723463,11021,1569376,14478,0.0
AosugiruHaru,005,standin,0.0020266646840599103,0.002035235006042104,0.32490895044697055,0.004045131243486261,2944,1443572,6117,0.0
AosugiruHaru,006,standin,0.0013539801265225015,0.0013575909778149483,0.33733719247467436,0.00270429868636748,2331,1714681,4579,0.0
AosugiruHaru,007,standin,0.00013963505549901783,0.00013966885461478323,0.36589147286821705,0.00027923112054502124,236,1689475,409,0.0
AosugiruHaru,008,standin,0.0015850717358343901,0.0015899908320702474,0.3387730061349693,0.003165126519083042,2761,1733727,5389,0.0
AosugiruHaru,009,standin,0.0015935965271532246,0.001595963579327909,0.517948717948718,0.0031821220356814096,2323,1453224,2162,0.0
AppareKappore,000,standin,0.10106806206576838,0.12845641419435636,0.32158675251003144,0.18358186119057812,166781,1131566,351838,0.0
AppareKappore,001,standin,0.0007917492758534773,0.0007932381329268358,0.29668141592920355,0.0015822458097328768,1341,1689198,3179,0.0
AppareKappore,002,standin,0.0020999518106877744,0.002108321532866204,0.3459670608108108,0.0041911025080749375,3277,1551040,6195,0.0
AppareKappore,003,standin,0.0033027755634466266,0.0033309823383020944,0.28059104201939356,0.006583806292356393,5469,1636389,14022,0.0
AppareKappore,004,standin,0.0015878683864004183,0.001596350197131707,0.23008849557522124,0.0031707021151494976,2548,1593593,8526,0.0
AppareKappore,005,standin,0.0033083157636206472,0.0033387627392533173,0.2662081002001951,0.006594813800786011,5186,1548084,14295,0.0
AppareKappore,006,standin,0.004831580987210192,0.004936236314936827,0.18559431216300043,0.009616698118630668,7779,1568118,34135,0.0
AppareKappore,007,standin,0.001166301004187456,0.001168951365652121,0.339673006339673,0.0023298846615545004,2036,1739696,3958,0.0
AppareKappore,008,standin,0.002506752824689678,0.0025211000578720605,0.30579050097592714,0.005000969455071669,4230,1673609,9603,0.0
AppareKappore,009,standin,0.003376759155555666,0.00340196900136354,0.31303597122302157,0.006730790054171785,5439,1593341,11936,0.0
Arisa,000,standin,0.07570476746934628,0.07628991170158926,0.908005653424865,0.14075380115205,107931,1306817,10935,0.0
Arisa,001,standin,0.059790184858953384,0.061081435453830386,0.7387888389537327,0.11283400377389004,91400,1404963,32316,0.0
Arisa,002,standin,0.0015375802167068185,0.0015460118719777239,0.2199248120300752,0.0030704393865562704,2574,1662355,9130,0.0
Arisa,003,standin,0.007868005553582384,0.008035820871897118,0.2736563124677133,0.015613166625446744,12184,1504027,32339,0.0
Arisa,004,standin,0.0014938158243410632,0.0015041382417219653,0.17876106194690267,0.002983175334161173,2424,1609130,11136,0.0
Arisa,005,standin,0.009175672686868766,0.009324800661626654,0.36457273983676236,0.018184490441469116,13981,1485354,24368,0.0
Arisa,006,standin,0.003716290940316792,0.0037833025784597837,0.1734253666954271,0.007405062513900694,5427,1429034,25866,0.0
Arisa,007,standin,0.0032243828365429183,0.003261997367418201,0.21852048491283957,0.0064280392137723245,4939,1509164,17663,0.0
Arisa,008,standin,0.004184236460066282,0.004228539866799039,0.2853899361106711,0.008333603153971992,5405,1272814,13534,0.0
Arisa,009,standin,0.003476235074364038,0.003584636771378861,0.10310076019885099,0.0069283854522103885,5330,1481571,46367,0.0
BEMADER_P,000,standin,0.01466029343983454,0.016166786747930612,0.13593886439197947,0.028896949125966433,25064,1525275,159313,0.0
BEMADER_P,001,standin,0.0003362998810646762,0.00033668996807604266,0.22496570644718794,0.0006723736429531962,492,1460793,1695,0.0
BEMADER_P,002,standin,0.000856237322241789,0.0008629018498050863,0.09979889391654098,0.001711009614193191,794,919357,7162,0.0
BEMADER_P,003,standin,0.00098585097239145,0.001005020891796562,0.04914511050292811,0.0019697600549173824,1670,1659987,32311,0.0
BEMADER_P,004,standin,0.005098602494129802,0.005195715473434221,0.2143208661417323,0.010145477232736637,6968,1334137,25544,0.0
BEMADER_P,005,standin,0.007384810956239528,0.007594747481611089,0.21083110121854604,0.014661350609862076,11177,1460498,41837,0.0
BEMADER_P,006,standin,0.004722018287392378,0.004805942268147804,0.21285153695225636,0.009399651249688615,6509,1347856,24071,0.0
BEMADER_P,007,standin,0.0028960334187997047,0.0029626861317113696,0.11404658127657298,0.005775341256316145,4265,1435307,33132,0.0
BEMADER_P,008,standin,0.0018260706821332144,0.0018387901376577312,0.20885212348626983,0.0036454844519864843,2449,1329405,9277,0.0
BEMADER_P,009,standin,0.004457414469983028,0.004536372427928383,0.2038798962065983,0.008875268191106041,6600,1448307,25772,0.0
BakuretsuKungFuGirl,000,standin,0.08807681183832901,0.0979794851342885,0.4656560123402439,0.16189447450777184,138562,1275632,159001,0.0
BakuretsuKungFuGirl,001,standin,0.06749229026669966,0.07123312785597415,0.562399619296889,0.1264501690215253,113454,1479260,88278,0.0
BakuretsuKungFuGirl,002,standin,0.005043463834485599,0.00509786324588632,0.32094360915941605,0.01003630990294401,8816,1720536,18653,0.0
BakuretsuKungFuGirl,003,standin,0.0015544493084879711,0.001564980513920587,0.1876507124588966,0.0031040734920826786,2568,1638347,11117,0.0
BakuretsuKungFuGirl,004,standin,0.005070190617228032,0.0051402738091180815,0.2710704713857796,0.010089226930736758,8597,1663882,23118,0.0
BakuretsuKungFuGirl,005,standin,0.0038723361041235554,0.0039043463129441558,0.320798087532181,0.0077147979177342495,6978,1780261,14774,0.0
BakuretsuKungFuGirl,006,standin,0.003542401480852963,0.0035780529304676872,0.26227720696162715,0.007059794335796284,6254,1741624,17591,0.0
BakuretsuKungFuGirl,007,standin,0.004420762387211689,0.004459667566947673,0.3363191104443366,0.008802610524905602,7622,1701474,15041,0.0
BakuretsuKungFuGirl,008,standin,0.0021180071182253742,0.0021344591546922165,0.2155549993742961,0.004227061290548193,3445,1610547,12537,0.0
BakuretsuKungFuGirl,009,standin,0.004886169020823809,0.0049402422880189395,0.3086332011670532,0.009724820922920983,8251,1661910,18483,0.0
BurariTessenTorimonocho,000,standin,0.054714464474787894,0.06217011721394782,0.3133023876657268,0.10375218377617272,83559,1260479,183145,0.0
BurariTessenTorimonocho,001,standin,0.0009813470640347313,0.0009835542855741283,0.30424886191198786,0.0019607699322531985,1203,1221912,2751,0.0
BurariTessenTorimonocho,002,standin,0.012136411593655912,0.012362155792214431,0.39925925925925926,0.023981770549182335,11319,904298,17031,0.0
BurariTessenTorimonocho,003,standin,0.005542724107812865,0.005614975761125581,0.30106494048861976,0.011024343322121403,7209,1276679,16736,0.0
BurariTessenTorimonocho,004,standin,0.0064209064168210045,0.006518110960580918,0.3009720005802988,0.012759882820164135,10373,1581039,24092,0.0
BurariTessenTorimonocho,005,standin,0.005666715671861217,0.005759961505614636,0.2592829274855375,0.011269569895381143,7709,1330668,22023,0.0
BurariTessenTorimonocho,006,standin,0.001766166833382738,0.0017745223443866715,0.2727770177838577,0.003526105975340836,2991,1682533,7974,0.0
BurariTessenTorimonocho,007,standin,0.002617546382595613,0.002635847773098046,0.2737786766099981,0.00522142544191375,4332,1639162,11491,0.0
BurariTessenTorimonocho,008,standin,0.007482702467707589,0.007633726462520132,0.2744285553428668,0.01485425496513163,12186,1584151,32219,0.0
BurariTessenTorimonocho,009,standin,0.008257712588481398,0.008457859726606424,0.2586860587979365,0.016380162502861544,12486,1463774,35781,0.0
Count3DeKimeteAgeru,000,standin,0.0025252937597485072,0.002531042089159284,0.5264949674363528,0.005037865429365783,3557,1401793,3199,0.0
Count3DeKimeteAgeru,001,standin,0.00031793175333325285,0.00031813715450765257,0.3299522673031026,0.0006356614097199873,553,1737691,1123,0.0
Count3DeKimeteAgeru,002,standin,0.0036530581371639797,0.003704111270061991,0.2095137500471538,0.00727952375085522,5554,1493861,20955,0.0
Count3DeKimeteAgeru,003,standin,0.0063872024644613295,0.00648175007251958,0.30453035904505293,0.012693330059881961,9720,1489875,22198,0.0
Count3DeKimeteAgeru,004,standin,0.003395166087358966,0.003420684314215238,0.31277027027027027,0.006767355877541413,4629,1348609,10171,0.0
Count3DeKimeteAgeru,005,standin,0.0037435145536167994,0.003771092162544962,0.3385831381733021,0.007459105835979641,5783,1527725,11297,0.0
Count3DeKimeteAgeru,006,standin,0.005401509492091542,0.005458274195701846,0.3418403740984386,0.010744979873404555,8626,1571727,16608,0.0
Count3DeKimeteAgeru,007,standin,0.00523583200533575,0.005292785547935512,0.3273125124328625,0.010417121711411416,8227,1546153,16908,0.0
Count3DeKimeteAgeru,008,standin,0.002574364753413084,0.0025923904444996528,0.27019867549668874,0.0051355088338933515,4080,1569757,11020,0.0
Count3DeKimeteAgeru,009,standin,0.0009676366277616676,0.0009706045479755962,0.24038019316265521,0.0019334024245211655,1568,1613920,4955,0.0
DollGun,000,standin,0.019303452548047894,0.020803550427535813,0.21117155499639004,0.03787577192992578,29541,1390457,110350,0.0
DollGun,001,standin,0.03424888929152464,0.03777317982460705,0.26851283265390674,0.06622949204226002,36293,924521,98870,0.0
DollGun,002,standin,0.002374804302299575,0.0024034867019415837,0.16597195907540735,0.00473835593653524,1752,727189,8804,0.0
DollGun,003,standin,0.007154482960678697,0.007339457165493056,0.22110951158957667,0.014207319893264125,10598,1433378,37333,0.0
DollGun,004,standin,0.0076345430952156285,0.00779869948756091,0.2661627120225846,0.015153396928541398,11408,1451400,31453,0.0
DollGun,005,standin,0.001080182055839515,0.0010844117497174684,0.21687649880095924,0.002158033043109954,1447,1332917,5225,0.0
DollGun,006,standin,0.0034706464167451965,0.0035095607249942006,0.23838934007683704,0.00691728538176656,4902,1391854,15661,0.0
DollGun,007,standin,0.010180282714376793,0.010483990931100988,0.26003912275958585,0.020155377982674832,16351,1543265,46528,0.0
DollGun,008,standin,0.007797846587184663,0.00798542087454814,0.24923249253235977,0.01547502133208829,12015,1492602,36193,0.0
DollGun,009,standin,0.006055191308142265,0.006199926053333503,0.20596040487541392,0.012037493291533813,8770,1405763,33811,0.0
Donburakokko,000,standin,0.10449324396535141,0.1080129116589087,0.7622855993159298,0.18921481781128835,151550,1251523,47260,0.0
Donburakokko,001,standin,0.021226167849443252,0.021763440171068557,0.46231191411512773,0.04156996465169421,32599,1465280,37914,0.0
Donburakokko,002,standin,0.00449813113579801,0.004593333383349213,0.1783252427184466,0.008955977112096603,7347,1592145,33853,0.0
Donburakokko,003,standin,0.004929427456275172,0.0050526901325751725,0.16809708998256673,0.009810494790172026,7521,1480993,37221,0.0
Donburakokko,004,standin,0.0026365129273755723,0.0026665834566624467,0.1894956918398378,0.005259160011393967,2991,1118669,12793,0.0
Donburakokko,005,standin,0.004032405500628835,0.004128524608690738,0.14763083451202264,0.008032421022543,5845,1409915,33747,0.0
Donburakokko,006,standin,0.0042945994083745335,0.004366740280444108,0.20632103378483574,0.008552469386780458,6626,1510753,25489,0.0
Donburakokko,007,standin,0.002156154086674621,0.002180922607401673,0.15956082294392285,0.004303030177247485,3110,1422892,16381,0.0
Donburakokko,008,standin,0.004029851873673397,0.004133915620079595,0.1379943612425959,0.008027354696980528,5335,1285209,33326,0.0
Donburakokko,009,standin,0.00467942461500167,0.004770618001632778,0.19665531124187055,0.009315259176915761,5715,1192243,23346,0.0
DualJustice,000,standin,0.05868228722411041,0.06221438217326529,0.5082686671424883,0.11085910840725735,66940,1009017,64762,0.0
DualJustice,001,standin,0.005408490122101231,0.005454261629722136,0.39190907051521723,0.01075879142704355,5241,955659,8132,0.0
DualJustice,002,standin,0.0022509148482762233,0.0022730458942431466,0.1877763739734681,0.004491719219067959,3567,1565693,15429,0.0
DualJustice,003,standin,0.0034303746027538502,0.003506360258594069,0.13666187832433901,0.006837294723337221,3520,1000370,22237,0.0
DualJustice,004,standin,0.002142478978313669,0.002155283893994517,0.2650384796607507,0.00427579715111554,3375,1562544,9359,0.0
DualJustice,005,standin,0.006201709637221821,0.006281499386365477,0.32806246949731577,0.012326970979720953,10083,1595107,20652,0.0
DualJustice,006,standin,0.004040228133571335,0.004077756079127049,0.3050767857981496,0.008047940750505165,6496,1586537,14797,0.0
DualJustice,007,standin,0.002853675629865198,0.00287065256508042,0.32547821659757076,0.00569111067588775,4475,1554404,9274,0.0
DualJustice,008,standin,0.0036983909391330345,0.0037327926540900534,0.28637572652940596,0.007369526488276128,5814,1551733,14488,0.0
DualJustice,009,standin,0.006024025075495008,0.00610102756473153,0.32308617636248205,0.011975906986998542,9669,1575146,20258,0.0
EienNoWith,000,standin,0.0015179175472481473,0.0015369035496721867,0.10942841243342077,0.0030312339313221266,2753,1788511,22405,0.0
EienNoWith,001,standin,0.011259624139991285,0.011461747255140469,0.38968450327777077,0.02226851319129218,21578,1861032,33795,0.0
EienNoWith,002,standin,0.0013884084649827826,0.0013921099766881584,0.34304302824190447,0.0027729669192218,2320,1664215,4443,0.0
EienNoWith,003,standin,0.002897662689406861,0.0029166191576917894,0.30835616438356167,0.005778581000251577,4502,1539066,10098,0.0
EienNoWith,004,standin,0.004058482908522814,0.004092857700096851,0.32579391124349977,0.008084156406440265,6453,1570196,13354,0.0
EienNoWith,005,standin,0.007111274387603815,0.007230096945995489,0.30201996749477594,0.014122122487265337,13008,1786138,30062,0.0
EienNoWith,006,standin,0.004871496999211107,0.0049299692838378865,0.2911472148541114,0.009695761127186061,8781,1772366,21379,0.0
EienNoWith,007,standin,0.0037006365558628837,0.0037309133696721217,0.31319502850200914,0.007373984674477025,6703,1789908,14699,0.0
EienNoWith,008,standin,0.005502619612821886,0.005580716406166172,0.28223390424509637,0.010945012982543438,9986,1779390,25396,0.0
EienNoWith,009,standin,0.0035290551536228416,0.0035572690733803388,0.3079347879623701,0.007033289440897363,6252,1751276,14051,0.0
EvaLady,000,standin,0.03857134398051025,0.07425365690812642,0.07430175335679833,0.07427769734658514,18239,227392,227233,0.0
EvaLady,001,standin,0.05069890869243923,0.057882036578633375,0.29004227598746224,0.09650511344973675,26002,423222,63647,0.0
EvaLady,002,standin,0.00362108768069296,0.0036439175137747584,0.36627414761794813,0.0072160454281826065,4759,1301253,8234,0.0
EvaLady,003,standin,0.0049289821354963565,0.004981475688915846,0.3186828078417201,0.009809612864427815,7055,1409192,15083,0.0
EvaLady,004,standin,0.002945121982910208,0.0030093821915383252,0.12120635976899494,0.005872947419271443,5100,1689600,36977,0.0
EvaLady,005,standin,0.02643099878350301,0.02783559407385852,0.3437445309127396,0.05150078050025435,29462,1028967,56247,0.0
EvaLady,006,standin,0.0,0.0,0.0,0.0,0,332573,0,0.0
EvaLady,007,standin,0.012787945559291643,0.012996301833346447,0.4437191059531485,0.02525295767067954,16517,1254383,20707,0.0
EvaLady,008,standin,0.006367375201219698,0.006525222620965631,0.20837202823179793,0.012654176512720442,8975,1366457,34097,0.0
EvaLady,009,standin,0.008076444372092288,0.008287158519331093,0.24106608648354638,0.016023476031369662,13296,1591114,41859,0.0
EverydayOsakanaChan,000,standin,0.007992754569371941,0.00811830317587343,0.3407314415652091,0.015858754010164598,14385,1757537,27833,0.0
EverydayOsakanaChan,001,standin,0.005223153659333885,0.005334975151441474,0.19948468725124638,0.01039202815876243,9523,1775490,38215,0.0
EverydayOsakanaChan,002,standin,0.004330142021603088,0.00437517561592552,0.2961161145062721,0.008622945464699487,7365,1675996,17507,0.0
EverydayOsakanaChan,003,standin,0.006481933579659507,0.006589257123009832,0.2846750481597891,0.012880377408476322,11231,1693210,28221,0.0
EverydayOsakanaChan,004,standin,0.0048839158151691405,0.004948876632047567,0.27117360379346683,0.009720358219102894,8235,1655779,22133,0.0
EverydayOsakanaChan,005,standin,0.003552341532264459,0.0035877422911898874,0.2647152402163538,0.007079534141369447,5824,1617481,16177,0.0
EverydayOsakanaChan,006,standin,0.004750973269119265,0.004811189280454589,0.27515076754385964,0.009457016505614736,8030,1660996,21154,0.0
EverydayOsakanaChan,007,standin,0.006063389878433022,0.006152659286967743,0.29473324018363795,0.01205369351361784,10336,1669588,24733,0.0
EverydayOsakanaChan,008,standin,0.0057888872880397626,0.00587256333750265,0.28890225736220926,0.011511137896241105,10085,1707223,24823,0.0
EverydayOsakanaChan,009,standin,0.002130918823495914,0.002143971526774721,0.2592669576664588,0.004252775327993308,3742,1741617,10691,0.0
GakuenNoise,000,standin,0.019969648624460094,0.021679906423613393,0.20200659534826762,0.039157338949039,23094,1042132,91229,0.0
GakuenNoise,001,standin,0.015765564258905525,0.016320090022714066,0.31693608219609254,0.031041738002622596,14097,849685,30382,0.0
GakuenNoise,002,standin,0.0016672424328075404,0.001681115780877169,0.1680737613863586,0.003328934724386537,3026,1796969,14978,0.0
GakuenNoise,003,standin,0.003695473422733528,0.0037638635396143524,0.1690080605362724,0.007363734360844486,5137,1359684,25258,0.0
GakuenNoise,004,standin,0.004955554310093707,0.005022803189851721,0.2701418225709113,0.009862235775184539,7162,1418735,19350,0.0
GakuenNoise,005,standin,0.006531371362121015,0.0066722878873681415,0.2362070575056012,0.01297797872565507,10121,1506750,32727,0.0
GakuenNoise,006,standin,0.0032866456167135088,0.0033241051236060203,0.22579790756191234,0.006551757926954623,5115,1533645,17538,0.0
GakuenNoise,007,standin,0.0017103866644468493,0.0017175566287563387,0.29063984970714996,0.0034149324739303016,2630,1528615,6419,0.0
GakuenNoise,008,standin,0.00046418491296683394,0.00046469381740245195,0.2976833976833977,0.0009279390906076557,771,1658386,1819,0.0
GakuenNoise,009,standin,0.0012030606668339506,0.0012059988513696252,0.3305685156385001,0.002403230102058763,1913,1584324,3874,0.0
GarakutayaManta,000,standin,0.07015152479955002,0.07549541613813475,0.4977550405692878,0.13110577927306152,105761,1295132,106715,0.0
GarakutayaManta,001,standin,0.03229735626155685,0.03459568086839361,0.32712406069156136,0.0625737459573103,45448,1268242,93484,0.0
GarakutayaManta,002,standin,0.0035803075884066355,0.0036277651680170493,0.21487765602293704,0.007135069433576429,5471,1502620,19990,0.0
GarakutayaManta,003,standin,0.008548654024262484,0.00882793984006101,0.21273122959738847,0.01695238794906335,14076,1580407,52092,0.0
GarakutayaManta,004,standin,0.008637056380484962,0.008892214492734682,0.231360413514019,0.0171261928675895,13607,1516608,45206,0.0
GarakutayaManta,005,standin,0.00664334604114464,0.006779494140027498,0.24857533328176168,0.013199006514613382,9640,1412295,29141,0.0
GarakutayaManta,006,standin,0.00812885446312006,0.008374337456607145,0.2171019038587789,0.016126617995571784,11905,1409700,42931,0.0
GarakutayaManta,007,standin,0.010986994617840555,0.01138550011698756,0.23890932698550096,0.021735184876426047,17664,1533783,56272,0.0
GarakutayaManta,008,standin,0.002950208544495207,0.0029940536507689053,0.1676800748362956,0.005883060832654132,4302,1432546,21354,0.0
GarakutayaManta,009,standin,0.004699555440345647,0.004766766766766767,0.24998250157485827,0.009355145854097444,7143,1491357,21431,0.0
GinNoChimera,000,standin,0.01555747673960048,0.016589987095771436,0.19998186859262504,0.030638298857386247,26471,1569130,105896,0.0
GinNoChimera,001,standin,0.0023778943891967267,0.0023913556920170053,0.29697525206232817,0.004744506842193895,3888,1621968,9204,0.0
GinNoChimera,002,standin,0.00036274563641749627,0.0003692986082403197,0.020033317671180214,0.0007252281994702277,469,1269506,22942,0.0
GinNoChimera,003,standin,0.0025949786491527463,0.002609483158960426,0.3182709657174237,0.005176524328197001,4057,1550657,8690,0.0
GinNoChimera,004,standin,0.003018872088090994,0.0030501909698244763,0.22720981730946668,0.006019571858715454,4925,1609728,16751,0.0
GinNoChimera,005,standin,0.003847666574550475,0.0038830828124837265,0.29669746673150893,0.007665837562147142,6711,1721555,15908,0.0
GinNoChimera,006,standin,0.0017687285920586235,0.0017757871068509795,0.30794805194805197,0.003531211429497291,2964,1666155,6661,0.0
GinNoChimera,007,standin,0.003547085825566838,0.0035731885453077834,0.3268526497199483,0.007069096957516113,6069,1692414,12499,0.0
GinNoChimera,008,standin,0.0002335068918211966,0.00023364604085098831,0.28165199729180773,0.00046690475816353795,416,1780055,1061,0.0
GinNoChimera,009,standin,0.004542269732249596,0.004586527346390675,0.32006405856783343,0.009043461622496562,6995,1518124,14860,0.0
Hamlet,000,standin,0.028266171236725073,0.03320151028738373,0.15977333228938304,0.05497831597966223,32650,950739,171702,0.0
Hamlet,001,standin,0.02239813469687314,0.022544391109922145,0.7754077791718946,0.04381489741961213,29664,1286140,8592,0.0
Hamlet,002,standin,0.008540475546468881,0.008783419282978367,0.23592582508999607,0.016936306977350216,15598,1760248,50516,0.0
Hamlet,003,standin,0.01117812889267685,0.01131208261743907,0.48558801865946477,0.02210911920121892,19778,1728618,20952,0.0
Hamlet,004,standin,0.0019115512771383475,0.002006169408813268,0.0389515264080362,0.0038158084407784094,2978,1481443,73476,0.0
Hamlet,005,standin,0.05465674634583927,0.05641950225776054,0.6362798697708705,0.1036484079492465,10358,173231,5921,0.0
Hamlet,006,standin,0.0044130070848555185,0.0044508268590409275,0.3418218674775117,0.00878723603483302,5396,1206963,10390,0.0
Hamlet,007,standin,0.005085800200037573,0.00512849869544921,0.3792110315936464,0.010120131433605708,8690,1685763,14226,0.0
Hamlet,008,standin,0.0034883403012965523,0.0035075032720361925,0.3896819600292145,0.006952428167225502,5869,1667401,9192,0.0
Hamlet,009,standin,0.0054668010295818616,0.0055458653359351726,0.27717556787040987,0.010874155216231795,9103,1632300,23739,0.0
HanzaiKousyouninMinegishiEitarou,000,standin,0.0409845213535076,0.043915508611987494,0.38045142565493284,0.07874184584458328,49943,1087309,81330,0.0
HanzaiKousyouninMinegishiEitarou,001,standin,0.029133712689249986,0.03025640869345248,0.4398220757241465,0.056617934734875405,49637,1590908,63220,0.0
HanzaiKousyouninMinegishiEitarou,002,standin,0.0011529898218829516,0.0011578415903020784,0.215780499147419,0.0023033239347126804,1392,1200845,5059,0.0
HanzaiKousyouninMinegishiEitarou,003,standin,0.0037321955320565466,0.00376716456398714,0.2867658825412066,0.007436636084146311,5376,1421692,13371,0.0
HanzaiKousyouninMinegishiEitarou,004,standin,0.002467108532895443,0.0024788964216800567,0.3415909716487751,0.0049220737755796135,3723,1498155,7176,0.0
HanzaiKousyouninMinegishiEitarou,005,standin,0.0022621468569816675,0.002274854301655619,0.28823786620026237,0.004514082197108988,3296,1445588,8139,0.0
HanzaiKousyouninMinegishiEitarou,006,standin,0.0015513560393943982,0.0015569323959081006,0.30223263506063947,0.0030979061234147603,2193,1406346,5063,0.0
HanzaiKousyouninMinegishiEitarou,007,standin,0.004452276572325619,0.004502275457206178,0.28618155748723006,0.008865083341776932,6387,1412229,15931,0.0
HanzaiKousyouninMinegishiEitarou,008,standin,0.0018527656598641797,0.0018614420341394025,0.28443396226415096,0.003698678535151554,3015,1616697,7585,0.0
HanzaiKousyouninMinegishiEitarou,009,standin,0.0028400578000039953,0.0028611737051092577,0.27788636955955176,0.005664029429048569,4265,1486382,11083,0.0
HaruichibanNoFukukoro,000,standin,0.06585349500686451,0.06876459926848259,0.6086959039940691,0.12356950615701716,105095,1423235,67561,0.0
HaruichibanNoFukukoro,001,standin,0.027520154953360257,0.02957704741919926,0.2835267714010901,0.053566160859607505,44216,1450727,111734,0.0
HaruichibanNoFukukoro,002,standin,0.003767271529206139,0.0038050856808058827,0.27488171859682026,0.0075062649202874,6449,1688388,17012,0.0
HaruichibanNoFukukoro,003,standin,0.002937391772035779,0.0029623706061865703,0.25835866261398177,0.0058575775439897795,4675,1573453,13420,0.0
HaruichibanNoFukukoro,004,standin,0.001882966791561034,0.0018950837681955507,0.2274975272007913,0.003758855782509336,2760,1453640,9372,0.0
HaruichibanNoFukukoro,005,standin,0.0024158085526892257,0.0024390883235691162,0.2019862158788734,0.004819972973445471,3722,1522258,14705,0.0
HaruichibanNoFukukoro,006,standin,0.002766985130993064,0.0028103023550576497,0.1521934680321063,0.005518700100864625,4399,1560913,24505,0.0
HaruichibanNoFukukoro,007,standin,0.0062092711637294976,0.006405276514499357,0.16868491383282647,0.012341908073552486,9152,1419670,45103,0.0
HaruichibanNoFukukoro,008,standin,0.0046667427172887264,0.004769540777391504,0.17798562155370978,0.009290130784396708,7650,1596278,35331,0.0
HaruichibanNoFukukoro,009,standin,0.005995376756081696,0.006110297610952308,0.24171873869092136,0.01191929286079684,10019,1629672,31430,0.0
HarukaRefrain,000,standin,0.07021808218126942,0.07525693446789701,0.5118928305053142,0.1312220067112941,87849,1079472,83767,0.0
HarukaRefrain,001,standin,0.008295713552182489,0.008600692294907031,0.1895924598433559,0.016454921786698957,14282,1646282,61048,0.0
HarukaRefrain,002,standin,0.001580036326304983,0.001585266215067572,0.32383788683154213,0.003155087499747694,2501,1575152,5222,0.0
HarukaRefrain,003,standin,0.001308170150809107,0.0013128267000765816,0.2694405683115565,0.0026129221548488527,2124,1615759,5759,0.0
HarukaRefrain,004,standin,0.001701224857911445,0.0017128198254819532,0.2008353390910378,0.0033966712143189384,2837,1653496,11289,0.0
HarukaRefrain,005,standin,0.001916453591964179,0.0019300126478730278,0.21432465585389124,0.0038255756457407477,3145,1626378,11529,0.0
HarukaRefrain,006,standin,0.00028776317496001036,0.00028936914808635973,0.049294144873871786,0.000575360782274566,426,1471742,8216,0.0
HarukaRefrain,007,standin,0.0007034897212704573,0.0007061180658772115,0.15895432692307693,0.0014059903427865587,1058,1497275,5598,0.0
HarukaRefrain,008,standin,0.0009602176322366469,0.0009648195117678354,0.16758026624902114,0.0019185929976478667,1498,1551124,7441,0.0
HarukaRefrain,009,standin,0.0001095192300214891,0.00010960382433036279,0.12426470588235294,0.0002190144737464499,169,1541748,1191,0.0
HealingPlanet,000,standin,0.009516659300206462,0.010641063483509669,0.0826219512195122,0.018853892528734255,7859,730695,87261,0.0
HealingPlanet,001,standin,0.036938233351906775,0.03808557602778505,0.5507939140793462,0.07124480931232288,36527,922550,29790,0.0
HealingPlanet,002,standin,0.00035749256946108554,0.0003584576686697356,0.11721611721611722,0.0007147296283908477,640,1784787,4820,0.0
HealingPlanet,003,standin,0.004866325295831703,0.00488608421496514,0.5461496019547568,0.009685517711819155,6929,1411180,5758,0.0
HealingPlanet,004,standin,0.000958053235824804,0.0009662236696307848,0.1017678909256964,0.001914272496689904,1560,1612973,13769,0.0
HealingPlanet,005,standin,0.004470804607578288,0.004545997889618171,0.21278046009656348,0.00890181095771105,7492,1640551,27718,0.0
HealingPlanet,006,standin,0.0031207669671633425,0.0031739829596604285,0.15692434162238336,0.006222116159749487,5345,1678659,28716,0.0
HealingPlanet,007,standin,0.004954324626917614,0.00501866723966587,0.2787245944434085,0.009859800600901683,7474,1481766,19341,0.0
HealingPlanet,008,standin,0.0037026457798253216,0.003762982681727431,0.18759945954060953,0.007377973537069949,6248,1654137,27057,0.0
HealingPlanet,009,standin,0.0039086301289486865,0.003955168665564456,0.24935214511949325,0.007786824441277362,6928,1744704,20856,0.0
ToutaMairimasu,000,standin,0.09383571810706588,0.11203198091925759,0.36617963392595854,0.17157186687860768,121375,962021,210088,0.0
ToutaMairimasu,001,standin,0.0019368217645336768,0.001946903248978715,0.27221526908635796,0.0038661554749983063,1740,891987,4652,0.0
ToutaMairimasu,002,standin,0.0013106765371016836,0.0013127051801480767,0.4589094703887295,0.00261792182549073,1759,1338222,2074,0.0
ToutaMairimasu,003,standin,0.0032132989987036526,0.0032267926282102256,0.4345205044816372,0.006406013560447836,5478,1692183,7129,0.0
ToutaMairimasu,004,standin,0.0056365514408434625,0.005669927320625029,0.4891555145362252,0.011209917604461758,8480,1487130,8856,0.0
ToutaMairimasu,005,standin,0.008317897133296167,0.008392044492351198,0.48491437890731176,0.01649856093389676,12488,1475588,13265,0.0
ToutaMairimasu,006,standin,0.005050018864325737,0.005079775205211852,0.46297209888724444,0.010049288631489395,8446,1654226,9797,0.0
ToutaMairimasu,007,standin,0.010458119236878649,0.010575071050469405,0.4860326549562795,0.02069975793707682,12562,1175326,13284,0.0
ToutaMairimasu,008,standin,0.009527129236444748,0.009647010205913535,0.43396111415859084,0.01887443925088093,14240,1461865,18574,0.0
ToutaMairimasu,009,standin,0.0008155429447220203,0.0008162433763447876,0.4872813990461049,0.001629756752822663,1226,1500777,1290,0.0
TouyouKidan,000,standin,0.0,0.0,0.0,0.0,0,1615925,1596,0.0
TouyouKidan,001,standin,0.01497497994908812,0.015220411877060452,0.4815080852853063,0.029508077036222657,27484,1778249,29595,0.0
TouyouKidan,002,standin,0.002299927944183104,0.0023071738061139517,0.42274146656616773,0.004589300827149583,3926,1697723,5361,0.0
TouyouKidan,003,standin,0.0016765036594307526,0.0016865801894069723,0.21912109522728992,0.003347395398226816,2897,1714780,10324,0.0
TouyouKidan,004,standin,0.0018573747364269352,0.0018640605950622185,0.34117253678109677,0.003707862582566868,3061,1639053,5911,0.0
TouyouKidan,005,standin,0.0007409738285344851,0.0007432108183932373,0.19754701553556828,0.0014808503856891992,1208,1624172,4907,0.0
TouyouKidan,006,standin,0.0010342174231034902,0.0010370419413119568,0.27521540800810945,0.0020662978449743873,1629,1569185,4290,0.0
TouyouKidan,007,standin,0.0017870233473119368,0.0017964023569096669,0.25499691820022896,0.0035676711829244557,2896,1609215,8461,0.0
TouyouKidan,008,standin,0.0017980112598141198,0.001816398379417932,0.1508290337123679,0.0035895684351639414,3011,1654665,16952,0.0
TouyouKidan,009,standin,0.0005690341311514708,0.0005717344232781062,0.10752688172043011,0.0011374210309148616,940,1643180,7802,0.0
TsubasaNoKioku,000,standin,0.0004938530414292309,0.0005228797227243528,0.00881770739607702,0.00098721854197895,490,936628,55080,0.0
TsubasaNoKioku,001,standin,1.9368434100839817e-05,1.9935435768690468e-05,0.0006805190091643227,3.873611794373192e-05,30,1504828,44054,0.0
TsubasaNoKioku,002,standin,1.3993584577543222e-05,1.4016247379121015e-05,0.00858034321372855,2.798677751974817e-05,22,1569585,2542,0.0
TsubasaNoKioku,003,standin,4.0558764580030895e-06,4.0609631792468535e-06,0.0032275416890801506,8.11172001587193e-06,6,1477476,1853,0.0
TsubasaNoKioku,004,standin,2.1713124837575648e-05,2.1785780421119136e-05,0.006468566808166565,4.342530677604416e-05,32,1468816,4915,0.0
TsubasaNoKioku,005,standin,0.0008826844471000421,0.000890782580528614,0.0885010521104097,0.00176381200477586,1430,1603900,14728,0.0
TsubasaNoKioku,006,standin,2.1583370444739737e-06,2.1616231195680214e-06,0.0014177693761814746,4.316664772130462e-06,3,1387843,2113,0.0
TsubasaNoKioku,007,standin,9.46520893434593e-06,9.491287337199e-06,0.0034330554193231977,1.8930238690027484e-05,14,1475023,4064,0.0
TsubasaNoKioku,008,standin,1.9730054664980488e-05,1.9824508336205756e-05,0.004123985632566184,3.945933079520735e-05,31,1563690,7486,0.0
TsubasaNoKioku,009,standin,6.344610031716706e-06,6.348851619719025e-06,0.00940733772342427,1.2689139555791294e-05,10,1575078,1053,0.0
UchiNoNyan'sDiary,000,standin,1.8608274727605873e-06,1.8625372973093786e-06,0.0020229265003371545,3.7216480201762944e-06,3,1610703,1480,0.0
UchiNoNyan'sDiary,001,standin,0.00023624787872849348,0.00023834201290443092,0.026184289426344192,0.00047238415770178496,393,1648498,14616,0.0
UchiNoNyan'sDiary,002,standin,0.00010095239678805104,0.00010149932413391224,0.018390307226308956,0.00020188441286074965,170,1674718,9074,0.0
UchiNoNyan'sDiary,003,standin,0.000908599687540379,0.0009127236748249335,0.16742424242424242,0.00181554976712963,1547,1693380,7693,0.0
UchiNoNyan'sDiary,004,standin,0.0020297996532882756,0.0020439040408535294,0.22728823971059997,0.004051375825330953,3330,1625905,11321,0.0
UchiNoNyan'sDiary,005,standin,0.0015090890579047829,0.0015359885268387045,0.07933431770641072,0.0030136302793304574,2579,1676470,29929,0.0
UchiNoNyan'sDiary,006,standin,8.145013282380267e-05,8.201063180452967e-05,0.011777198571290665,0.00016288699847994385,122,1487490,10237,0.0
UchiNoNyan'sDiary,007,standin,0.00044263330789907446,0.0004449065954816114,0.07972190034762457,0.0008848749406760803,688,1545704,7942,0.0
UchiNoNyan'sDiary,008,standin,0.0019092594861050685,0.0019264524222368869,0.17622977451426344,0.0038112423216536745,2712,1405057,12677,0.0
UchiNoNyan'sDiary,009,standin,6.603180248514938e-05,6.608749591860638e-05,0.07266187050359713,0.00013205488514820548,101,1528176,1289,0.0
UchuKigekiM774,000,standin,0.09008001842930802,0.09626297640489098,0.5837605242648108,0.16527230461320436,53180,499265,37919,0.0
UchuKigekiM774,001,standin,0.05215538770639638,0.05304778294424221,0.7561177210179515,0.09914008580061622,64949,1159400,20949,0.0
UchuKigekiM774,002,standin,0.07767732842926628,0.08107829316095314,0.6493456735431807,0.14415693154180456,54234,614675,29287,0.0
UchuKigekiM774,003,standin,0.0016344288007724952,0.001653456143710561,0.124366373902133,0.0032635236045736745,2478,1496201,17447,0.0
UchuKigekiM774,004,standin,0.0038688552067619665,0.003946732846551296,0.16392735758129154,0.007707889704308273,6463,1631094,32963,0.0
UchuKigekiM774,005,standin,0.002832598332217962,0.0028837891838171354,0.13761269606026924,0.005649194764766871,4457,1541079,27931,0.0
UchuKigekiM774,006,standin,0.002844036868156536,0.002895810874465334,0.13724080067122138,0.00567194252266455,4580,1577015,28792,0.0
UchuKigekiM774,007,standin,0.004920239345369039,0.005023966812716037,0.19244668036562035,0.009792298239657727,8148,1613678,34191,0.0
UchuKigekiM774,008,standin,0.0028681843694694127,0.0029148769945107245,0.15186093633358216,0.005719962830953139,4272,1461313,23859,0.0
UchuKigekiM774,009,standin,0.0018193576903548373,0.0018388738953942726,0.14633900694934032,0.003632107278400523,2906,1577409,16952,0.0
UltraEleven,000,standin,0.009391530013041953,0.010961397891171076,0.06153966284628532,0.01860829962169508,14186,1279992,216332,0.0
UltraEleven,001,standin,0.0010296935478506905,0.001039089783165842,0.10222871293415454,0.0020572687393542732,1610,1547823,14139,0.0
UltraEleven,002,standin,0.01274576583467563,0.01297267732391915,0.42152518118450816,0.02517071167248167,18263,1389542,25063,0.0
UltraEleven,003,standin,2.135320985009335e-06,2.1387614147479006e-06,0.0013256738842244808,4.270632850846724e-06,3,1402678,2260,0.0
UltraEleven,004,standin,0.002560143015353398,0.002607051400694477,0.12456279284630106,0.005107210840545437,3775,1444221,26531,0.0
UltraEleven,005,standin,0.002260424376447449,0.0023063517176493517,0.10194104123621336,0.00451065276343474,3503,1515346,30860,0.0
UltraEleven,006,standin,0.003514100868173279,0.0035836224627520774,0.1533610260452988,0.007003590413195218,5058,1406363,27923,0.0
UltraEleven,007,standin,0.0024854053505254073,0.0025299100545322388,0.12379475423100263,0.004958486851300083,3672,1447763,25990,0.0
UltraEleven,008,standin,0.0034767475832984005,0.0035328231800700756,0.17968160183817494,0.006929403380141196,5474,1543995,24991,0.0
UltraEleven,009,standin,0.0028329706873169414,0.0028789656041154784,0.15061649659863946,0.005649935273618484,4251,1472321,23973,0.0
UnbalanceTokyo,000,standin,0.00182098679356741,0.001903925014645577,0.0401251379170682,0.0036353536561370475,2873,1506115,68728,0.0
UnbalanceTokyo,001,standin,0.0006288354189038374,0.0006867227746232897,0.007404691214913474,0.0012568804668527892,626,910950,83915,0.0
UnbalanceTokyo,002,standin,0.004833256041738811,0.004935578975812216,0.1890578791719476,0.009620016082624652,7160,1443531,30712,0.0
UnbalanceTokyo,003,standin,0.0028295766765035106,0.0028603004569151573,0.20850126534820507,0.005643185526859039,4449,1550982,16889,0.0
UnbalanceTokyo,004,standin,0.0038454841422771308,0.003909722961669037,0.18965681148398136,0.007661506084400739,5985,1524814,25572,0.0
UnbalanceTokyo,005,standin,0.0022909335366380363,0.0023096422515604285,0.2204686464670803,0.004571394312735829,3660,1581001,12941,0.0
UnbalanceTokyo,006,standin,0.0026997251768808373,0.002743455511523121,0.14483815770711536,0.005384912569721895,4063,1476916,23989,0.0
UnbalanceTokyo,007,standin,0.0025320407533808605,0.002563368643382047,0.17162403331350387,0.005051291431001222,4039,1571622,19495,0.0
UnbalanceTokyo,008,standin,0.0036567709678206723,0.003718091227446867,0.18148490547993243,0.007286895427994708,5693,1525469,25676,0.0
UnbalanceTokyo,009,standin,0.001966545040989433,0.0019842814504318893,0.18033426183844012,0.003925370663765991,3237,1628084,14713,0.0
WarewareHaOniDearu,000,standin,0.007614940621268574,0.008023275810288322,0.1301504251144539,0.015114783066978745,9751,1205588,65170,0.0
WarewareHaOniDearu,001,standin,0.00038407799244551214,0.000384858706381485,0.15919335705812573,0.0007678610663541818,671,1742826,3544,0.0
WarewareHaOniDearu,002,standin,0.0014279047329079683,0.0014350370469504703,0.22317880794701986,0.002851737456404925,2359,1641501,8211,0.0
WarewareHaOniDearu,003,standin,0.0035133607056345635,0.003535103853899338,0.36355140186915885,0.007002120436471509,5835,1644753,10215,0.0
WarewareHaOniDearu,004,standin,0.0017549909479414264,0.001764241111826437,0.2507799376049916,0.0035038327012091295,3135,1773833,9366,0.0
WarewareHaOniDearu,005,standin,0.002450341890047448,0.0024695943121910554,0.2391481501602651,0.004888704781979537,4402,1778077,14005,0.0
WarewareHaOniDearu,006,standin,0.0026180672761596936,0.002638797322329289,0.24996020586830794,0.005222461795990312,4711,1780572,14136,0.0
WarewareHaOniDearu,007,standin,0.001696430567041416,0.0017171605765722963,0.12320928533744573,0.00338711512844485,3036,1764999,21605,0.0
WarewareHaOniDearu,008,standin,0.0020801337256398196,0.002098734657100643,0.19008701787394167,0.004151631502574705,3233,1537219,13775,0.0
WarewareHaOniDearu,009,standin,0.0018481675656968882,0.001875319430358206,0.11319912051669644,0.0036895162870589234,3295,1753739,25813,0.0
YamatoNoHane,000,standin,0.1214203161133406,0.1396150805385734,0.4823219371437388,0.21654738079681585,115669,712816,124148,0.0
YamatoNoHane,001,standin,0.0024446781449077464,0.002475199228451412,0.16545556176634993,0.00487743253708881,1776,715742,8958,0.0
YamatoNoHane,002,standin,0.009707894555882222,0.009863417348681057,0.38106738646588056,0.01922911489199006,8047,807796,13070,0.0
YamatoNoHane,003,standin,0.003121912742636464,0.0031597709841201253,0.2067048735295385,0.006224393471977578,4797,1513351,18410,0.0
YamatoNoHane,004,standin,0.0007624085384583052,0.0007647407178703495,0.2,0.0015236554290078664,1179,1540520,4716,0.0
YamatoNoHane,005,standin,0.0014259673914523662,0.0014346996362687371,0.1898144151920587,0.002847873807719953,2199,1530526,9386,0.0
YamatoNoHane,006,standin,0.0022062763873463807,0.0022260706447407045,0.1987942078914787,0.004402838895200989,3693,1655284,14884,0.0
YamatoNoHane,007,standin,0.0024196077749462077,0.002447279591759631,0.17626911888899316,0.00482753480913441,3757,1531417,17557,0.0
YamatoNoHane,008,standin,0.0022158157398449833,0.0022375896759674815,0.1854736735622882,0.004421833511396441,3667,1635150,16104,0.0
YamatoNoHane,009,standin,0.0014950500329674592,0.0015038629832691433,0.2032627502677762,0.0029856363901513932,2467,1637975,9670,0.0
YasasiiAkuma,000,standin,0.0017492209618740363,0.0017859894885876712,0.07831249210559556,0.003492333061550962,2480,1386106,29188,0.0
YasasiiAkuma,001,standin,0.0068712949371634545,0.00693814698053998,0.41627240621043515,0.013648804910248785,12494,1788275,17520,0.0
YasasiiAkuma,002,standin,0.002281718075825302,0.0023109120532714515,0.15298332409263446,0.004553047381140966,3587,1548614,19860,0.0
YasasiiAkuma,003,standin,0.004938645419299542,0.005021803566163348,0.22972512494320763,0.009828750126807884,8090,1602885,27126,0.0
YasasiiAkuma,004,standin,0.00430869392792405,0.00437755229282604,0.21502000615574024,0.008580417463225246,6986,1588883,25504,0.0
YasasiiAkuma,005,standin,0.0030343523950081626,0.003069070493273987,0.21150317873447966,0.006050345908418488,4957,1610190,18480,0.0
YasasiiAkuma,006,standin,0.002405488791914643,0.002426767230699376,0.21528106431087973,0.004799432602496432,4094,1682924,14923,0.0
YasasiiAkuma,007,standin,0.003738185550787591,0.003792893203514965,0.20582555519794013,0.007448527125101479,6395,1679653,24675,0.0
YasasiiAkuma,008,standin,0.004471744500461375,0.00454306351620767,0.22170070983630305,0.008903674045475993,7652,1676674,26863,0.0
YasasiiAkuma,009,standin,0.0028126190489005786,0.002842849595545255,0.2091709660202811,0.005609460821440712,4703,1649623,17781,0.0
YoumaKourin,000,standin,0.017619843837892793,0.020055259531094317,0.12671123255134278,0.03462952092490767,27314,1334623,188247,0.0
YoumaKourin,001,standin,0.001472783802506209,0.0014767101250695066,0.35646687697160884,0.0029412358005659928,2260,1528169,4080,0.0
YoumaKourin,002,standin,0.004070152655989359,0.004104534414966901,0.327007002943266,0.008107307333502341,6444,1563527,13262,0.0
YoumaKourin,003,standin,0.005963996899986323,0.006033583052705889,0.340855605984199,0.011857277036484773,8111,1336198,15685,0.0
YoumaKourin,004,standin,0.004275606760426938,0.004322662743460215,0.2820044726393136,0.008514807552120297,6179,1423264,15732,0.0
YoumaKourin,005,standin,0.0023277042850477097,0.00235488017341377,0.16784779416459172,0.004644597321008986,2629,1113776,13034,0.0
YoumaKourin,006,standin,0.003309731793520018,0.003338676706544477,0.27628738822078325,0.0065976272104996524,4480,1337369,11735,0.0
YoumaKourin,007,standin,0.00032514631584212893,0.0003255723218710786,0.1990330378726833,0.0006500812601575197,494,1516834,1988,0.0
YoumaKourin,008,standin,0.0006430886050956255,0.0006464996065088882,0.10864458538877143,0.001285350615856641,925,1429857,7589,0.0
YoumaKourin,009,standin,0.0005711520448281664,0.00057190986700496,0.30120481927710846,0.0011416520327633376,825,1441710,1914,0.0
YukiNoFuruMachi,000,standin,0.03164089234380036,0.03218119755952963,0.6533276136781468,0.06134090375559842,53305,1603097,28285,0.0
YukiNoFuruMachi,001,standin,0.0001690443787109266,0.00016906987416370794,0.5285234899328859,0.0003380316150774977,315,1862820,281,0.0
YukiNoFuruMachi,002,standin,0.0008126577602659607,0.0008178216676717337,0.11402714932126697,0.0016239957677686052,1386,1693360,10769,0.0
YukiNoFuruMachi,003,standin,0.0014682351640594457,0.0014821746699255134,0.1350349502224105,0.0029321652200360025,2550,1717895,16334,0.0
YukiNoFuruMachi,004,standin,0.001689064838823135,0.0017047769725967864,0.1548805314475517,0.003372433418937071,2891,1692932,15775,0.0
YukiNoFuruMachi,005,standin,0.002094253647613133,0.0021247949085303865,0.12717110615868973,0.004179753830520575,3595,1688333,24674,0.0
YukiNoFuruMachi,006,standin,0.001523374709578104,0.0015364659782945342,0.151673878387611,0.0030421151378915196,2664,1731185,14900,0.0
YukiNoFuruMachi,007,standin,0.0025381288479825437,0.002554829232464194,0.27968609288562973,0.0050634061188258445,4348,1697527,11198,0.0
YukiNoFuruMachi,008,standin,0.0028536174206218175,0.0028862785170879874,0.20139002452984464,0.0056909949190021005,4926,1701770,19534,0.0
YukiNoFuruMachi,009,standin,0.0032165753455045587,0.0032650400722930833,0.1781038885476937,0.006412524323368122,5510,1682065,25427,0.0
YumeNoKayoiji,000,standin,0.06676253662652648,0.07080553850351272,0.5390047353991858,0.12516850626879494,51904,681146,44392,0.0
YumeNoKayoiji,001,standin,0.014599763234003324,0.014818748925510229,0.49697306646898937,0.028779354703310906,24135,1604545,24429,0.0
YumeNoKayoiji,002,standin,0.003058139799298378,0.003073396560261218,0.38120597835423464,0.006097632186924439,4438,1439567,7204,0.0
YumeNoKayoiji,003,standin,0.001239240751096176,0.001242254734909257,0.3380859026911424,0.0024754138684507394,1897,1525165,3714,0.0
YumeNoKayoiji,004,standin,0.00145155628883119,0.0014622290472342744,0.16588226775758452,0.0028989046543805917,2291,1564495,11520,0.0
YumeNoKayoiji,005,standin,0.002326412298170995,0.002339622735833847,0.2917933130699088,0.004642025331522316,3744,1596514,9087,0.0
YumeNoKayoiji,006,standin,0.004168125320876036,0.0041987314126738715,0.36379038382894197,0.00830164833113805,6227,1476840,10890,0.0
YumeNoKayoiji,007,standin,0.00116464019752759,0.0011682639929614985,0.27297297297297296,0.002326570777205653,1616,1381633,4304,0.0
YumeNoKayoiji,008,standin,0.0005030284729746532,0.0005040290286549045,0.202170188463735,0.0010055511251023481,708,1403973,2794,0.0
YumeNoKayoiji,009,standin,0.001550202173289337,0.0015538590338036399,0.3971203750209275,0.0030956055321550804,2372,1524150,3601,0.0
YumeiroCooking,000,standin,0.003441413943722361,0.0035748659425271553,0.0844062153163152,0.006859222463615343,6084,1695798,65996,0.0
YumeiroCooking,001,standin,0.015129295813198955,0.01582055724196988,0.2571996027805363,0.029807623276361436,27195,1691771,78540,0.0
YumeiroCooking,002,standin,0.007400363174272247,0.007460923705863282,0.47690766919610184,0.014692000211224946,12381,1647065,13580,0.0
YumeiroCooking,003,standin,0.004368559770145048,0.004434872243895712,0.2261034047919294,0.008699116928042462,7172,1610011,24548,0.0
YumeiroCooking,004,standin,0.0022602820943942938,0.0022739049070953543,0.27393323015697546,0.004510369481410653,3717,1630916,9852,0.0
YumeiroCooking,005,standin,0.0022024910536390307,0.002221235522356007,0.2069767441860465,0.004395301495057152,3827,1719088,14663,0.0
YumeiroCooking,006,standin,0.002782041725904562,0.002805825450753418,0.24710384232321644,0.005548646884653706,4714,1675362,14363,0.0
YumeiroCooking,007,standin,0.0022281535956099542,0.002241238196096608,0.2762311085400246,0.004446399929230075,3820,1700595,10009,0.0
YumeiroCooking,008,standin,0.0026481418324339014,0.002681260537150785,0.17654210910269919,0.00528229539745453,4356,1620253,20318,0.0
YumeiroCooking,009,standin,0.0031675776728177637,0.0031936778036584057,0.27932747420710735,0.006315151612387669,5117,1597111,13202,0.0
