image_id,manga,page_id,iou,precision,recall,f1,inference_time_seconds
ARMS/000,ARMS,000,0.4176751177165294,0.7914093491622953,0.4693432606878485,0.5892395408466856,0.6885511875152588
ARMS/001,ARMS,001,0.773480341814095,0.7874107389434647,0.9776389909380357,0.8722739390760893,0.5674393177032471
ARMS/002,ARMS,002,0.8183137191681444,0.9657534246575342,0.842769384027893,0.900079794308006,0.4965476989746094
ARMS/003,ARMS,003,0.837291515591008,0.9052332418659349,0.9177347242921013,0.9114411169766639,0.4992201328277588
ARMS/004,ARMS,004,0.8035298149417409,0.8481154597410113,0.938593330931508,0.8910635225264597,0.505425214767456
ARMS/005,ARMS,005,0.751632680962046,0.8328710932948004,0.8851350514570201,0.8582081039378966,0.519395112991333
ARMS/006,ARMS,006,0.820226843100189,0.8826934457760024,0.9205739965668216,0.9012358500363484,0.5375556945800781
ARMS/007,ARMS,007,0.7628776786902702,0.8164093798408205,0.920852328640572,0.8654913360262751,0.572406530380249
ARMS/008,ARMS,008,0.7593930039940149,0.8404177641014943,0.8873454665602026,0.8632443146813812,0.5377769470214844
ARMS/009,ARMS,009,0.7210950971834884,0.7704222629106914,0.9184506297536572,0.8379491619766221,0.5508065223693848
AisazuNihaIrarenai/000,AisazuNihaIrarenai,000,0.5654489334569905,0.6130382869082968,0.8792856740465326,0.722411215558857,0.54195237159729
AisazuNihaIrarenai/001,AisazuNihaIrarenai,001,0.78657302273965,0.8618628085681312,0.9000411522633744,0.8805383409780436,0.5235724449157715
AisazuNihaIrarenai/002,AisazuNihaIrarenai,002,0.7242409419656896,0.7519180194069103,0.9516343770085391,0.8400693016139981,0.5224480628967285
AisazuNihaIrarenai/003,AisazuNihaIrarenai,003,0.7923070638112444,0.9351327025897631,0.8383846146456738,0.8841197803756305,0.5268373489379883
AisazuNihaIrarenai/004,AisazuNihaIrarenai,004,0.7229597642459079,0.9392721758908263,0.7584095987266996,0.8392067873533048,0.5091750621795654
AisazuNihaIrarenai/005,AisazuNihaIrarenai,005,0.6875405449237756,0.9729613426091945,0.7009331307933162,0.8148432901264971,0.5070827007293701
AisazuNihaIrarenai/006,AisazuNihaIrarenai,006,0.7621851620319022,0.9437203495630462,0.7984789267983522,0.8650454883561252,0.5172147750854492
AisazuNihaIrarenai/007,AisazuNihaIrarenai,007,0.7031029759186833,0.8654724957845605,0.7893727990014711,0.8256728875004372,0.5326578617095947
AisazuNihaIrarenai/008,AisazuNihaIrarenai,008,0.7644498816734187,0.8868956210154032,0.8470256216528521,0.8665022334875367,0.5251126289367676
AisazuNihaIrarenai/009,AisazuNihaIrarenai,009,0.8432772180284893,0.9923987585258424,0.8487593978986855,0.9149760109664153,0.5298070907592773
AkkeraKanjinchou/000,AkkeraKanjinchou,000,0.7801742189463104,0.8023775425599501,0.9657460568436604,0.8765144564424683,0.5332064628601074
AkkeraKanjinchou/001,AkkeraKanjinchou,001,0.8212633502770004,0.9467152403629859,0.8610650911195832,0.9018611725230098,0.529470682144165
AkkeraKanjinchou/002,AkkeraKanjinchou,002,0.5439191234336219,0.5701865718999873,0.9219166837676995,0.7045953575909661,0.519883394241333
AkkeraKanjinchou/003,AkkeraKanjinchou,003,0.8122590058012297,0.9022592656904169,0.8906261902948123,0.8964049875885336,0.5164804458618164
AkkeraKanjinchou/004,AkkeraKanjinchou,004,0.741320492298003,0.8764834551123936,0.8277999179511223,0.8514463541627422,0.5197961330413818
AkkeraKanjinchou/005,AkkeraKanjinchou,005,0.8275800250981017,0.9752587967418606,0.8453274736006836,0.9056566757493189,0.5543313026428223
AkkeraKanjinchou/006,AkkeraKanjinchou,006,0.7059442758318979,0.8377869716881642,0.81771394185089,0.8276287635334941,0.5615708827972412
AkkeraKanjinchou/007,AkkeraKanjinchou,007,0.7191328934967012,0.8983997288280734,0.7827952309151109,0.8366228070175439,0.5886225700378418
AkkeraKanjinchou/008,AkkeraKanjinchou,008,0.724931941923775,0.818251653744932,0.8640638144453792,0.8405339646215558,0.5720610618591309
AkkeraKanjinchou/009,AkkeraKanjinchou,009,0.4988465228960101,0.9017147636971978,0.527530099239333,0.6656405646285375,0.5789728164672852
Akuhamu/000,Akuhamu,000,0.7971557923850162,0.930634446334753,0.8475120962233901,0.8871304266026997,0.5547733306884766
Akuhamu/001,Akuhamu,001,0.8199729421817146,0.8907978402462986,0.911607545735931,0.9010825635668651,0.522761344909668
Akuhamu/002,Akuhamu,002,0.8990479127317581,0.9880748130732244,0.908910235177211,0.9468406844337994,0.5119338035583496
Akuhamu/003,Akuhamu,003,0.9260846116970278,0.9938265650622167,0.9314428640308583,0.961624018044645,0.5230066776275635
Akuhamu/004,Akuhamu,004,0.8288801694070752,0.9279389206526286,0.8859044766184058,0.9064346404672309,0.5304567813873291
Akuhamu/005,Akuhamu,005,0.878611587773267,0.984508121121168,0.8909291534631055,0.9353839755824057,0.5349228382110596
Akuhamu/006,Akuhamu,006,0.7945409218391456,0.963069157338095,0.8195099858284512,0.8855088364603642,0.5350828170776367
Akuhamu/007,Akuhamu,007,0.8760330578512396,0.9570957095709571,0.9118414807783578,0.933920704845815,0.5312685966491699
Akuhamu/008,Akuhamu,008,0.9069983580656155,0.994058128480239,0.9119424370794916,0.9512313990512704,0.5109307765960693
Akuhamu/009,Akuhamu,009,0.8182498616941651,0.89499537267744,0.9051441736563591,0.9000411647844219,0.5110719203948975
AosugiruHaru/000,AosugiruHaru,000,0.3668149066594128,0.39055817117608627,0.8578297211332199,0.5367440827169979,0.5225710868835449
AosugiruHaru/001,AosugiruHaru,001,0.875415188875753,0.9952,0.879127091813659,0.9335694773812026,0.5311574935913086
AosugiruHaru/002,AosugiruHaru,002,0.08998034047311695,0.6539210546026515,0.09447954007439972,0.16510452002108603,0.5419178009033203
AosugiruHaru/003,AosugiruHaru,003,0.29141283042856386,0.7412747608139065,0.3244087987261898,0.45130855689556154,0.5363550186157227
AosugiruHaru/004,AosugiruHaru,004,0.6821768838417862,0.902591201375183,0.7363910243091627,0.8110643897136646,0.5419995784759521
AosugiruHaru/005,AosugiruHaru,005,0.7898210290827741,0.9558037225042301,0.8197596795727636,0.8825698393850384,0.5546607971191406
AosugiruHaru/006,AosugiruHaru,006,0.550494233937397,0.9713662790697675,0.559574646236289,0.710088721245285,0.5459942817687988
AosugiruHaru/007,AosugiruHaru,007,0.41388665363834926,0.9653582153582153,0.42012649069989966,0.5854594533066654,0.5630536079406738
AosugiruHaru/008,AosugiruHaru,008,0.8098177761249535,0.960564622849581,0.8376673334359133,0.8949163687173798,0.5345809459686279
AosugiruHaru/009,AosugiruHaru,009,0.734142305570877,0.9231836310039883,0.7819063004846527,0.8466921119592875,0.5642876625061035
AppareKappore/000,AppareKappore,000,0.5019528022059271,0.8369835753613014,0.5563429029788728,0.6684002339736722,0.5728702545166016
AppareKappore/001,AppareKappore,001,0.600926140942806,0.6914480612357167,0.8211139316111692,0.7507231290369372,0.5541744232177734
AppareKappore/002,AppareKappore,002,0.8375405411535234,0.9253050690320479,0.8982729262953053,0.9115886397017984,0.5446662902832031
AppareKappore/003,AppareKappore,003,0.4462187576864133,0.9306289953436983,0.4615715823466093,0.6170833496866701,0.5501329898834229
AppareKappore/004,AppareKappore,004,0.8447000821692687,0.937272064186725,0.8953144051558962,0.9158129175946549,0.5437502861022949
AppareKappore/005,AppareKappore,005,0.8136271709442695,0.9063334649418213,0.8883223309811064,0.8972375182498534,0.537318229675293
AppareKappore/006,AppareKappore,006,0.6495647786047685,0.9352137745650042,0.6801711953291151,0.7875589816535511,0.5296566486358643
AppareKappore/007,AppareKappore,007,0.9597595078299777,0.9793129030417166,0.9796203796203796,0.979466617200097,0.5366106033325195
AppareKappore/008,AppareKappore,008,0.8471394377434646,0.9456202849958089,0.8905224727416251,0.9172447086922275,0.5402476787567139
AppareKappore/009,AppareKappore,009,0.8331344239389882,0.9082586275287584,0.9096875695261101,0.9089725369389683,0.5470309257507324
Arisa/000,Arisa,000,0.6607470912431108,0.8214215343830047,0.7715831272188851,0.7957227138643067,0.5382897853851318
Arisa/001,Arisa,001,0.6674992877445687,0.7873286547148283,0.8143247437679847,0.800599187838235,0.5314621925354004
Arisa/002,Arisa,002,0.790774620474893,0.8911520858617614,0.8753195645304915,0.8831648733833278,0.5261790752410889
Arisa/003,Arisa,003,0.8493261253144123,0.9472637440857514,0.8914786720520146,0.9185249845210667,0.5243709087371826
Arisa/004,Arisa,004,0.8406075418994413,0.9145820274659525,0.9122255271583654,0.9134022574219861,0.5377638339996338
Arisa/005,Arisa,005,0.8683472242131346,0.966164642621158,0.8955816507561037,0.9295351666538795,0.5490362644195557
Arisa/006,Arisa,006,0.8306426231801279,0.877056948393211,0.9401055408970976,0.9074874720628594,0.5684287548065186
Arisa/007,Arisa,007,0.9032326108738069,0.9570319047885121,0.9414092557986149,0.9491562993544097,0.5912835597991943
Arisa/008,Arisa,008,0.7639905635138751,0.9114728412256268,0.8252246098880891,0.8662070867227354,0.5776524543762207
Arisa/009,Arisa,009,0.8597317051162511,0.879424659641566,0.9746147026732133,0.924576058741236,0.5881545543670654
BEMADER_P/000,BEMADER_P,000,0.5505560307955517,0.8840302185593666,0.5934145799096416,0.7101401301997131,0.5541574954986572
BEMADER_P/001,BEMADER_P,001,0.7742105888723075,0.9071131260928095,0.8408732321638601,0.8727380996687631,0.5499639511108398
BEMADER_P/002,BEMADER_P,002,0.6170103092783505,0.6609607951408062,0.9027149321266968,0.7631495058973541,0.5340785980224609
BEMADER_P/003,BEMADER_P,003,0.9570135746606335,0.9727251557315014,0.983402489626556,0.9780346820809249,0.5364229679107666
BEMADER_P/004,BEMADER_P,004,0.8400263451581624,0.8845116547871316,0.9435106033207299,0.9130590411040626,0.5534377098083496
BEMADER_P/005,BEMADER_P,005,0.7791748160566266,0.8460118821893566,0.907941503649239,0.8758833691043292,0.5552213191986084
BEMADER_P/006,BEMADER_P,006,0.714949263027328,0.7936631168793121,0.8781788417589186,0.8337847403896465,0.5581481456756592
BEMADER_P/007,BEMADER_P,007,0.8025050444339501,0.8701992458451655,0.9116302320194102,0.8904330635989592,0.5536363124847412
BEMADER_P/008,BEMADER_P,008,0.7916686663147287,0.8663069308230599,0.9018519784049751,0.8837221760908579,0.5475292205810547
BEMADER_P/009,BEMADER_P,009,0.8162524941048431,0.8653291455675918,0.935032552985178,0.8988315190252671,0.5420103073120117
BakuretsuKungFuGirl/000,BakuretsuKungFuGirl,000,0.6783966990863542,0.8465083095209199,0.7735504750254568,0.8083865983002037,0.5265862941741943
BakuretsuKungFuGirl/001,BakuretsuKungFuGirl,001,0.701537901282985,0.9234499161120228,0.7448545595146036,0.8245927413712207,0.5412440299987793
BakuretsuKungFuGirl/002,BakuretsuKungFuGirl,002,0.7828776691279186,0.8753765480307932,0.8810780460415497,0.8782180434295948,0.5466482639312744
BakuretsuKungFuGirl/003,BakuretsuKungFuGirl,003,0.6827614716825134,0.9325453587292027,0.7182326848925868,0.8114774234756547,0.5476529598236084
BakuretsuKungFuGirl/004,BakuretsuKungFuGirl,004,0.9161493582263711,0.9608390239126711,0.9516848484848485,0.9562400282558126,0.5467629432678223
BakuretsuKungFuGirl/005,BakuretsuKungFuGirl,005,0.7977700043725404,0.8686854258915393,0.9071698488464598,0.8875106408853217,0.5446286201477051
BakuretsuKungFuGirl/006,BakuretsuKungFuGirl,006,0.883628720202551,0.9128235497322772,0.9650692614718389,0.9382196297235608,0.5391921997070312
BakuretsuKungFuGirl/007,BakuretsuKungFuGirl,007,0.8619652657694911,0.9287662355196716,0.9229840332751912,0.9258661067592667,0.5494377613067627
BakuretsuKungFuGirl/008,BakuretsuKungFuGirl,008,0.8823788269315396,0.9198505799855823,0.9558703350585671,0.9375146110944127,0.5717260837554932
BakuretsuKungFuGirl/009,BakuretsuKungFuGirl,009,0.8695377208372435,0.9467780270552434,0.9142250439706576,0.930216824347181,0.5914912223815918
BurariTessenTorimonocho/000,BurariTessenTorimonocho,000,0.7961466234333502,0.841757345306959,0.9362776711260423,0.8865051583723259,0.5872745513916016
BurariTessenTorimonocho/001,BurariTessenTorimonocho,001,0.6625061317926636,0.9717003757294748,0.675540487967543,0.7969969182348698,0.5676639080047607
BurariTessenTorimonocho/002,BurariTessenTorimonocho,002,0.7980043275891592,0.9042209796623922,0.8716863065177098,0.8876556250108224,0.5545003414154053
BurariTessenTorimonocho/003,BurariTessenTorimonocho,003,0.8698566731573403,0.9326123412847804,0.9281967436473875,0.9303993034808884,0.578681468963623
BurariTessenTorimonocho/004,BurariTessenTorimonocho,004,0.8031541293506358,0.8846961373637435,0.8970545348498105,0.8908324765779986,0.5433738231658936
BurariTessenTorimonocho/005,BurariTessenTorimonocho,005,0.8863794082392278,0.934486198869305,0.9451096461724741,0.9397679007391058,0.5460224151611328
BurariTessenTorimonocho/006,BurariTessenTorimonocho,006,0.9305893484725601,0.9674336904971017,0.9606837606837607,0.9640469105548749,0.5417532920837402
BurariTessenTorimonocho/007,BurariTessenTorimonocho,007,0.8991375470704944,0.9458216202402249,0.9479615795090715,0.9468903908065582,0.5552189350128174
BurariTessenTorimonocho/008,BurariTessenTorimonocho,008,0.8927071841398956,0.9421813631782002,0.9444463800432026,0.9433125119621387,0.5586197376251221
BurariTessenTorimonocho/009,BurariTessenTorimonocho,009,0.9295258741520118,0.9746624600732888,0.9525432817527195,0.9634759363468187,0.5613551139831543
Count3DeKimeteAgeru/000,Count3DeKimeteAgeru,000,0.5062318746537154,0.8142572699391428,0.5723226075866505,0.672183191940615,0.5592222213745117
Count3DeKimeteAgeru/001,Count3DeKimeteAgeru,001,0.8098673908303435,0.9065433002729149,0.8836429699158682,0.89494666286991,0.5541644096374512
Count3DeKimeteAgeru/002,Count3DeKimeteAgeru,002,0.9040172061825605,0.9641163206593577,0.9354936059451507,0.9495893243476097,0.5495641231536865
Count3DeKimeteAgeru/003,Count3DeKimeteAgeru,003,0.8176728545924116,0.8912525977706405,0.9082927392802819,0.8996919908074036,0.5504086017608643
Count3DeKimeteAgeru/004,Count3DeKimeteAgeru,004,0.8931662033880526,0.9579255259309258,0.9296358971559583,0.9435687176219631,0.534083366394043
Count3DeKimeteAgeru/005,Count3DeKimeteAgeru,005,0.889303586321935,0.9278209227957972,0.955400743694279,0.9414088797165907,0.5533452033996582
Count3DeKimeteAgeru/006,Count3DeKimeteAgeru,006,0.8632931672149029,0.944506601029313,0.9094206151139199,0.9266316030185228,0.578350305557251
Count3DeKimeteAgeru/007,Count3DeKimeteAgeru,007,0.8150867029086147,0.9559733792525713,0.8468769325912183,0.8981242621660618,0.5834076404571533
Count3DeKimeteAgeru/008,Count3DeKimeteAgeru,008,0.8741466452679234,0.954414687728842,0.9122337766223377,0.9328476482617586,0.5869777202606201
Count3DeKimeteAgeru/009,Count3DeKimeteAgeru,009,0.767999859169806,0.8985993820803295,0.8408727328797486,0.8687781904354147,0.5678715705871582
DollGun/000,DollGun,000,0.540749772015384,0.6381102214840072,0.7799358071641492,0.7019306857440636,0.5710246562957764
DollGun/001,DollGun,001,0.7521977387353859,0.8500467720064103,0.8672787671182203,0.8585763148835813,0.5533559322357178
DollGun/002,DollGun,002,0.5379507926163534,0.7780885809421212,0.6354429620446786,0.6995682764351575,0.5534327030181885
DollGun/003,DollGun,003,0.8923805496828753,0.9686966420034149,0.9188784395680948,0.943130122355591,0.5621581077575684
DollGun/004,DollGun,004,0.8705009570849078,0.9354051432895312,0.9261760547031636,0.9307677216498671,0.5679652690887451
DollGun/005,DollGun,005,0.7951831409934772,0.9288861613145682,0.8467301938500993,0.8859075409469507,0.5814259052276611
DollGun/006,DollGun,006,0.7601064804336815,0.8788973905241383,0.849029120369813,0.8637051097572177,0.5629034042358398
DollGun/007,DollGun,007,0.9277474274295058,0.9820067303069844,0.9437910049767005,0.962519689279608,0.5702812671661377
DollGun/008,DollGun,008,0.7628769479862376,0.8351681830141388,0.8980983723735351,0.8654908657778798,0.5534107685089111
DollGun/009,DollGun,009,0.8820932599066204,0.985339841529872,0.8938238282256964,0.9373534018716854,0.529996395111084
Donburakokko/000,Donburakokko,000,0.5808129817166747,0.7946113177532926,0.6834112972184497,0.7348282035056977,0.5484461784362793
Donburakokko/001,Donburakokko,001,0.7626660141647296,0.9484396659566555,0.7956547019698496,0.8653551019149051,0.5521748065948486
Donburakokko/002,Donburakokko,002,0.863017452762152,0.907275429125978,0.9465000395475758,0.9264727514845582,0.5673553943634033
Donburakokko/003,Donburakokko,003,0.8402122551343416,0.9176604202157865,0.9087210360054909,0.9131688508106401,0.5666358470916748
Donburakokko/004,Donburakokko,004,0.677138989812638,0.8645362762635297,0.7575113566931435,0.8074929912496815,0.570690393447876
Donburakokko/005,Donburakokko,005,0.7597882645793033,0.9243118010836054,0.8101954011960728,0.8634996378509651,0.5931086540222168
Donburakokko/006,Donburakokko,006,0.8797005836082212,0.9408651758575771,0.9311863769439446,0.9360007559497293,0.5862433910369873
Donburakokko/007,Donburakokko,007,0.7330494472482576,0.8040910139387748,0.8924394949301003,0.8459648377744746,0.5818943977355957
Donburakokko/008,Donburakokko,008,0.6447164730522563,0.8280563399107784,0.7443676779813758,0.7839849404022747,0.5509903430938721
Donburakokko/009,Donburakokko,009,0.8545106215134952,0.936544696618805,0.9070247316008254,0.9215483714146816,0.5932891368865967
DualJustice/000,DualJustice,000,0.6928815212091662,0.7783330823052592,0.8632215152389485,0.8185824141009763,0.5855209827423096
DualJustice/001,DualJustice,001,0.7445807843275929,0.8605085975254656,0.846787247519178,0.8535927840275666,0.5718622207641602
DualJustice/002,DualJustice,002,0.8589413616107541,0.9292726780912375,0.9190218417574118,0.9241188338146289,0.5664088726043701
DualJustice/003,DualJustice,003,0.6052892164103574,0.9453092959671907,0.6272549975621649,0.7541185852651094,0.55912184715271
DualJustice/004,DualJustice,004,0.8029721362229102,0.8617883777597283,0.9216627708636048,0.8907205165189918,0.5462217330932617
DualJustice/005,DualJustice,005,0.9127074500302846,0.9641933915180056,0.9447286588424115,0.9543617870216727,0.5486841201782227
DualJustice/006,DualJustice,006,0.8072198755002223,0.8916960859554873,0.894965491742667,0.8933277975119559,0.5550403594970703
DualJustice/007,DualJustice,007,0.9263732733697398,0.9764339405431028,0.9475586515081816,0.9617796157950906,0.5695948600769043
DualJustice/008,DualJustice,008,0.9214862376658326,0.9667161961367013,0.9516797503535034,0.9591390451853855,0.5747365951538086
DualJustice/009,DualJustice,009,0.8958549069499098,0.9775302663438257,0.914690511434009,0.9450669496551078,0.5735330581665039
EienNoWith/000,EienNoWith,000,0.7231815173575598,0.7483501431951189,0.9555608553939104,0.8393561677315736,0.5685582160949707
EienNoWith/001,EienNoWith,001,0.8697203221058101,0.9548997984560976,0.9069763242013256,0.930321301879278,0.5629062652587891
EienNoWith/002,EienNoWith,002,0.8611767417737567,0.959917780061665,0.8932990615099528,0.925411028888132,0.5516085624694824
EienNoWith/003,EienNoWith,003,0.9436412693298969,0.9799882899084104,0.962182027224013,0.971003532617141,0.5571351051330566
EienNoWith/004,EienNoWith,004,0.7694329618979152,0.9814591930307198,0.7807819446027585,0.8696943918944655,0.553290605545044
EienNoWith/005,EienNoWith,005,0.9249204433227258,0.9889011427364667,0.9346225494544487,0.9609960209328575,0.579838752746582
EienNoWith/006,EienNoWith,006,0.902509996022525,0.9753846153846154,0.9235449112058439,0.948757165964283,0.599963903427124
EienNoWith/007,EienNoWith,007,0.9107344960677907,0.9773286412755754,0.9303904420266224,0.953282099571702,0.6020603179931641
EienNoWith/008,EienNoWith,008,0.9138876149293499,0.9728460501232157,0.9378095515564421,0.9550065613054145,0.6063544750213623
EienNoWith/009,EienNoWith,009,0.9081602929549332,0.9923608584939978,0.9145539119138415,0.9518700250790536,0.6077971458435059
EvaLady/000,EvaLady,000,0.49214579599072794,0.929707181174239,0.5111662429930909,0.6596484034108233,0.5833644866943359
EvaLady/001,EvaLady,001,0.48547055024980457,0.6707756606675355,0.637330031567558,0.6536252774155169,0.5638370513916016
EvaLady/002,EvaLady,002,0.44895359817291436,0.479264833438826,0.8765220373863831,0.6196935481426471,0.5587007999420166
EvaLady/003,EvaLady,003,0.5998708844415752,0.6413251660771289,0.9027275156048867,0.7498991203292713,0.5682475566864014
EvaLady/004,EvaLady,004,0.7645681629643285,0.7731628201782186,0.9856691304037836,0.8665782133118816,0.570497989654541
EvaLady/005,EvaLady,005,0.4969484629294756,0.5574157561543764,0.8208239508103,0.6639486598716497,0.582667350769043
EvaLady/006,EvaLady,006,0.0,0.0,0.0,0.0,0.5836260318756104
EvaLady/007,EvaLady,007,0.5919173823699879,0.968364796138264,0.6035890823124865,0.74365339423427,0.5739951133728027
EvaLady/008,EvaLady,008,0.8727294219630403,0.9651190657748535,0.9011534471184165,0.9320400605958593,0.561063289642334
EvaLady/009,EvaLady,009,0.8747630164674177,0.9548159802982624,0.9125382063058792,0.9331984989929212,0.5641131401062012
EverydayOsakanaChan/000,EverydayOsakanaChan,000,0.7268662629464033,0.7812360598564418,0.91262020938936,0.841832721552176,0.5663368701934814
EverydayOsakanaChan/001,EverydayOsakanaChan,001,0.893053542713069,0.9447046222987588,0.9423101093468516,0.9435058465733311,0.585942268371582
EverydayOsakanaChan/002,EverydayOsakanaChan,002,0.7999769779755966,0.8894245126061174,0.8883255219429058,0.8888746775809511,0.5754687786102295
EverydayOsakanaChan/003,EverydayOsakanaChan,003,0.8405524730028041,0.9654782504411589,0.8665979793630534,0.9133697466733658,0.5789241790771484
EverydayOsakanaChan/004,EverydayOsakanaChan,004,0.734697829328273,0.9140227891402279,0.789241585888422,0.8470614500195346,0.595332145690918
EverydayOsakanaChan/005,EverydayOsakanaChan,005,0.8946055562960565,0.9492080168094391,0.939583624982501,0.9443713002140725,0.6042890548706055
EverydayOsakanaChan/006,EverydayOsakanaChan,006,0.8807004888995752,0.9488522702741599,0.9245947158804061,0.9365664486160533,0.5886201858520508
EverydayOsakanaChan/007,EverydayOsakanaChan,007,0.8355013996377408,0.9445623440932276,0.8785842914531099,0.9103794742980174,0.5977783203125
EverydayOsakanaChan/008,EverydayOsakanaChan,008,0.8704017101629999,0.9595600870661015,0.903545946279145,0.9307109862374399,0.5892722606658936
EverydayOsakanaChan/009,EverydayOsakanaChan,009,0.8759998783417987,0.9136530897094277,0.9550684749809332,0.9339018498403073,0.5879955291748047
GakuenNoise/000,GakuenNoise,000,0.648727444645812,0.7223778013380616,0.8641830602765848,0.7869432230930988,0.597604513168335
GakuenNoise/001,GakuenNoise,001,0.6356671256575928,0.747441619097042,0.809550574428382,0.7772573229434239,0.5909044742584229
GakuenNoise/002,GakuenNoise,002,0.8650405199390195,0.9584985508277174,0.8987012553975425,0.9276372397177767,0.5825779438018799
GakuenNoise/003,GakuenNoise,003,0.8166984802877909,0.882955819468008,0.9158493789299277,0.8991018478293814,0.5941669940948486
GakuenNoise/004,GakuenNoise,004,0.8110216624467095,0.9151882196363814,0.8769304567577686,0.8956509789629028,0.5869030952453613
GakuenNoise/005,GakuenNoise,005,0.7615690101975566,0.8875139725060303,0.8429316446265599,0.8646485102643219,0.5867314338684082
GakuenNoise/006,GakuenNoise,006,0.7792362434158915,0.9022562488848518,0.8510817344471985,0.8759221787432387,0.5611453056335449
GakuenNoise/007,GakuenNoise,007,0.49233661825726144,0.9500562992618541,0.5054177093871466,0.6598197916395138,0.5978114604949951
GakuenNoise/008,GakuenNoise,008,0.8824092650009119,0.9749622166246852,0.9028691392582225,0.9375317912074603,0.5908756256103516
GakuenNoise/009,GakuenNoise,009,0.7741840309791628,0.8782712382068071,0.8672409163206709,0.8727212256012638,0.5933868885040283
GarakutayaManta/000,GarakutayaManta,000,0.7377760533379788,0.8229085706210697,0.8770214047704211,0.8491037172722384,0.5934526920318604
GarakutayaManta/001,GarakutayaManta,001,0.8556018551831961,0.9037047784871348,0.9414317795756197,0.9221825822099384,0.5838649272918701
GarakutayaManta/002,GarakutayaManta,002,0.8612751237549949,0.9457311881944596,0.9060545853811566,0.9254678287618561,0.5781464576721191
GarakutayaManta/003,GarakutayaManta,003,0.8999950351264802,0.9595833939891216,0.9354551553307875,0.9473656704229952,0.5803122520446777
GarakutayaManta/004,GarakutayaManta,004,0.7764672899003278,0.8512214509035028,0.8983903983176922,0.8741700951261456,0.6224439144134521
GarakutayaManta/005,GarakutayaManta,005,0.8816215241308338,0.9753174808103097,0.9017405647069037,0.9370869888811204,0.6289756298065186
GarakutayaManta/006,GarakutayaManta,006,0.8573662653593149,0.9231200972858842,0.9232928345162196,0.92320645782102,0.6181325912475586
GarakutayaManta/007,GarakutayaManta,007,0.8840100931283631,0.9475782361694963,0.9294656651217303,0.9384345618451345,0.6284008026123047
GarakutayaManta/008,GarakutayaManta,008,0.8010031376165361,0.8588275013866448,0.9224612435729734,0.889507764741144,0.6196632385253906
GarakutayaManta/009,GarakutayaManta,009,0.8365082687879423,0.9188127090301004,0.9032735343073793,0.9109768608229797,0.6180922985076904
GinNoChimera/000,GinNoChimera,000,0.666212497082277,0.7029917344957355,0.9271872898834301,0.7996729087663056,0.5863838195800781
GinNoChimera/001,GinNoChimera,001,0.8557306377285565,0.9592967545723451,0.8879719254945818,0.9222573797412585,0.5919077396392822
GinNoChimera/002,GinNoChimera,002,0.8975169648365207,0.9021431616478705,0.994318909914143,0.9459909781769416,0.5812332630157471
GinNoChimera/003,GinNoChimera,003,0.9296097934200459,0.9946416610850636,0.9342887102411744,0.9635210150674068,0.6016292572021484
GinNoChimera/004,GinNoChimera,004,0.9090736522399393,0.970243371236103,0.9351460860650735,0.9523714825494681,0.6056725978851318
GinNoChimera/005,GinNoChimera,005,0.8808182718494677,0.9654996946875636,0.9094424029397667,0.936633044279532,0.6124682426452637
GinNoChimera/006,GinNoChimera,006,0.8634447544974173,0.9567133741201237,0.8985480383070744,0.9267189192633657,0.6097817420959473
GinNoChimera/007,GinNoChimera,007,0.8598118743527787,0.9655022045641746,0.8870637464387464,0.924622416073127,0.6178579330444336
GinNoChimera/008,GinNoChimera,008,0.6291736227045075,0.9914501808615587,0.6326059588753672,0.7723837581657487,0.6085741519927979
GinNoChimera/009,GinNoChimera,009,0.8772296440032838,0.9527823937097232,0.917099052003277,0.9346002464914722,0.5979869365692139
Hamlet/000,Hamlet,000,0.5498065115640913,0.6024732024178475,0.8628151424992171,0.7095163266661167,0.5872294902801514
Hamlet/001,Hamlet,001,0.4872987987275058,0.6440270253310185,0.666933824325788,0.6552802962584601,0.6193058490753174
Hamlet/002,Hamlet,002,0.9066719040968343,0.9596261336864635,0.942629397706991,0.9510518324087992,0.633134126663208
Hamlet/003,Hamlet,003,0.8444519182261513,0.9751172015867292,0.8630493493739259,0.9156670443741127,0.6276495456695557
Hamlet/004,Hamlet,004,0.19968677582826147,0.8827038892328474,0.20512988202056137,0.33289818617930184,0.6356973648071289
Hamlet/005,Hamlet,005,0.4183649675884904,0.6346657233816767,0.5510780760488974,0.5899256921154731,0.6327531337738037
Hamlet/006,Hamlet,006,0.9041929666366095,0.9811043845166024,0.9202179523946086,0.9496862791523618,0.6017017364501953
Hamlet/007,Hamlet,007,0.5973044879886587,0.8610100218352835,0.6610428129298487,0.7478905775075988,0.5983076095581055
Hamlet/008,Hamlet,008,0.7724811497393856,0.8369428148473053,0.9093346041579794,0.8716382116142294,0.5999016761779785
Hamlet/009,Hamlet,009,0.8961405873357352,0.9523468488320846,0.9382106320045589,0.9452258902330668,0.611818790435791
HanzaiKousyouninMinegishiEitarou/000,HanzaiKousyouninMinegishiEitarou,000,0.5448800387194911,0.5797940955753601,0.9004822012142634,0.7054010991961904,0.6146786212921143
HanzaiKousyouninMinegishiEitarou/001,HanzaiKousyouninMinegishiEitarou,001,0.7870662331386825,0.9122667122325379,0.8515200652152725,0.8808472999417964,0.6119799613952637
HanzaiKousyouninMinegishiEitarou/002,HanzaiKousyouninMinegishiEitarou,002,0.6002411954589968,0.7611650262165394,0.7395238680415135,0.7501884055507392,0.6228938102722168
HanzaiKousyouninMinegishiEitarou/003,HanzaiKousyouninMinegishiEitarou,003,0.7341198474929861,0.8768186504754267,0.8185391155553179,0.846677175806853,0.6216363906860352
HanzaiKousyouninMinegishiEitarou/004,HanzaiKousyouninMinegishiEitarou,004,0.5842845140269268,0.7891859724874755,0.6923450494748983,0.737600486344205,0.6062042713165283
HanzaiKousyouninMinegishiEitarou/005,HanzaiKousyouninMinegishiEitarou,005,0.6507564898869247,0.8226163633435336,0.7569795661275681,0.7884342649853836,0.6078691482543945
HanzaiKousyouninMinegishiEitarou/006,HanzaiKousyouninMinegishiEitarou,006,0.7331306647743767,0.9151919631173119,0.7865676935987611,0.8460189178752052,0.602025032043457
HanzaiKousyouninMinegishiEitarou/007,HanzaiKousyouninMinegishiEitarou,007,0.7170343631170378,0.8668912334223127,0.8057459042218021,0.8352009470740719,0.6204767227172852
HanzaiKousyouninMinegishiEitarou/008,HanzaiKousyouninMinegishiEitarou,008,0.6083554662264016,0.8723623262995368,0.6677960759593413,0.7564937963045613,0.6231184005737305
HanzaiKousyouninMinegishiEitarou/009,HanzaiKousyouninMinegishiEitarou,009,0.7349695482228888,0.9141829858441499,0.789435657098223,0.8472420152569369,0.6264801025390625
HaruichibanNoFukukoro/000,HaruichibanNoFukukoro,000,0.7213276210173831,0.8280665257159655,0.848392178667408,0.8381061364611643,0.6244490146636963
HaruichibanNoFukukoro/001,HaruichibanNoFukukoro,001,0.7103529522090284,0.8920414817431753,0.7771657582558512,0.8306507160309372,0.6645162105560303
HaruichibanNoFukukoro/002,HaruichibanNoFukukoro,002,0.6845751725099324,0.7481983697722252,0.8895087668453847,0.8127570484016452,0.6416947841644287
HaruichibanNoFukukoro/003,HaruichibanNoFukukoro,003,0.6558195248552605,0.9261608728749049,0.6920014324534979,0.7921388955871713,0.6492762565612793
HaruichibanNoFukukoro/004,HaruichibanNoFukukoro,004,0.5753172205438066,0.9023407884761183,0.6135184767550501,0.73041443722072,0.6163556575775146
HaruichibanNoFukukoro/005,HaruichibanNoFukukoro,005,0.5848698754019293,0.888865558249184,0.6310133615199067,0.7380667453895594,0.6192550659179688
HaruichibanNoFukukoro/006,HaruichibanNoFukukoro,006,0.761125300620817,0.9527432265291358,0.7909869415274925,0.8643624622876196,0.6277415752410889
HaruichibanNoFukukoro/007,HaruichibanNoFukukoro,007,0.9111605676967419,0.9516805121560856,0.955357484411461,0.9535154534868183,0.6168687343597412
HaruichibanNoFukukoro/008,HaruichibanNoFukukoro,008,0.8527179408414289,0.9811493034078524,0.8669208447735169,0.9205048669784666,0.6134669780731201
HaruichibanNoFukukoro/009,HaruichibanNoFukukoro,009,0.7176705382732094,0.9422760511882998,0.7506735927373352,0.835632354729319,0.6148159503936768
HarukaRefrain/000,HarukaRefrain,000,0.6984817416584223,0.931351885151667,0.7363940425135186,0.8224777747406512,0.6046493053436279
HarukaRefrain/001,HarukaRefrain,001,0.9000196142530239,0.9836367793751964,0.9136997212266029,0.9473792875626273,0.6071982383728027
HarukaRefrain/002,HarukaRefrain,002,0.8991032442837692,0.977639371043496,0.9179809213364651,0.9468713688842739,0.6163504123687744
HarukaRefrain/003,HarukaRefrain,003,0.7582578015694386,0.8074363168207802,0.9256474519632414,0.8625103791862718,0.6380984783172607
HarukaRefrain/004,HarukaRefrain,004,0.8529488043985683,0.8718519696728699,0.9752105325584154,0.9206393639951853,0.6278386116027832
HarukaRefrain/005,HarukaRefrain,005,0.8299166398339952,0.8472551955878593,0.9759350414405318,0.907054039258622,0.633070707321167
HarukaRefrain/006,HarukaRefrain,006,0.643756938076162,0.7196503722887666,0.8592411260709915,0.7832750976304431,0.6320338249206543
HarukaRefrain/007,HarukaRefrain,007,0.7324627720504009,0.8055023682354127,0.8898413581964931,0.8455740393007326,0.6244776248931885
HarukaRefrain/008,HarukaRefrain,008,0.799249690923818,0.8615808823529412,0.9169968207385669,0.8884255419973938,0.6253969669342041
HarukaRefrain/009,HarukaRefrain,009,0.781346333070471,0.8690579026406369,0.8856055578878943,0.8772537025112686,0.6309199333190918
HealingPlanet/000,HealingPlanet,000,0.7964616764676568,0.9387915741491324,0.8400862068965518,0.8867004366424581,0.6230404376983643
HealingPlanet/001,HealingPlanet,001,0.650210628430187,0.8456008157198901,0.7378047861031108,0.7880334997584152,0.6538441181182861
HealingPlanet/002,HealingPlanet,002,0.9428421604614577,0.9538461538461539,0.987912087912088,0.9705802968960863,0.6703507900238037
HealingPlanet/003,HealingPlanet,003,0.5402524711206383,0.984056399132321,0.5450231272902024,0.7015115784590404,0.6348893642425537
HealingPlanet/004,HealingPlanet,004,0.6446305996255886,0.9499261571042439,0.6673061112633598,0.7839214468858152,0.6302745342254639
HealingPlanet/005,HealingPlanet,005,0.7972905711008678,0.875065317562111,0.8997045104886566,0.8872138806275662,0.6338579654693604
HealingPlanet/006,HealingPlanet,006,0.8693350975851802,0.919116789852876,0.9413506543127328,0.9301008671031675,0.6268336772918701
HealingPlanet/007,HealingPlanet,007,0.7951670542855522,0.8371454165422514,0.9406791034760434,0.8858975574304041,0.6228225231170654
HealingPlanet/008,HealingPlanet,008,0.8229121446641617,0.8704732950136969,0.9377377479828736,0.9028544212324268,0.6058018207550049
HealingPlanet/009,HealingPlanet,009,0.7971406718832735,0.9213872832369943,0.855312164636071,0.8871210633143457,0.6193108558654785
ToutaMairimasu/000,ToutaMairimasu,000,0.8256744160914261,0.8876738032374529,0.9220063777857559,0.9045144181393601,0.6294233798980713
ToutaMairimasu/001,ToutaMairimasu,001,0.6549059676234873,0.8033762876503074,0.7799155861439598,0.7914721203935945,0.6300063133239746
ToutaMairimasu/002,ToutaMairimasu,002,0.7537475897244511,0.8285056633013514,0.893087014199381,0.8595850328072353,0.6309750080108643
ToutaMairimasu/003,ToutaMairimasu,003,0.8804482040507915,0.9486873982286826,0.9244731698821526,0.9364237761552409,0.6179778575897217
ToutaMairimasu/004,ToutaMairimasu,004,0.7077191313995879,0.8960465582982139,0.771024002762908,0.8288472248004456,0.6081743240356445
ToutaMairimasu/005,ToutaMairimasu,005,0.7288264804249459,0.95308078209416,0.7559494962377248,0.8431459011962845,0.6121566295623779
ToutaMairimasu/006,ToutaMairimasu,006,0.78292103586119,0.9338032061912659,0.828927191314482,0.8782453290008123,0.6360039710998535
ToutaMairimasu/007,ToutaMairimasu,007,0.7506587258617579,0.9591827322202748,0.7754287844891872,0.8575728835924292,0.6584923267364502
ToutaMairimasu/008,ToutaMairimasu,008,0.7628903678783003,0.9644640325463848,0.784954597902975,0.8654995021573183,0.656177282333374
ToutaMairimasu/009,ToutaMairimasu,009,0.6609054220038604,0.8712195686115769,0.7324614711458992,0.7958375151867307,0.6645541191101074
TouyouKidan/000,TouyouKidan,000,0.5824671487895609,0.5928827974113102,0.9707220326759313,0.7361506989072015,0.6564280986785889
TouyouKidan/001,TouyouKidan,001,0.5384900331072164,0.6134915924826904,0.8149757353842919,0.7000240775296453,0.6394667625427246
TouyouKidan/002,TouyouKidan,002,0.5120928590343367,0.6342169991801039,0.7267318050858074,0.6773299086424798,0.6222155094146729
TouyouKidan/003,TouyouKidan,003,0.5678191489361702,0.5996675360408128,0.9144667832167832,0.724342663273961,0.6303794384002686
TouyouKidan/004,TouyouKidan,004,0.7594537069882937,0.8435382190701339,0.883975391221768,0.8632835339422166,0.6250350475311279
TouyouKidan/005,TouyouKidan,005,0.7506646410938094,0.8396346644010195,0.8763023719796054,0.8575767436815271,0.6357240676879883
TouyouKidan/006,TouyouKidan,006,0.6196069458215747,0.747553756019754,0.7835578561553548,0.7651324877558708,0.6523418426513672
TouyouKidan/007,TouyouKidan,007,0.5846779722996754,0.5964282383661289,0.9674028134926638,0.7379139263874466,0.6513204574584961
TouyouKidan/008,TouyouKidan,008,0.5815887025595764,0.6918731625367492,0.7848821973938109,0.7354487315423507,0.6555261611938477
TouyouKidan/009,TouyouKidan,009,0.5072771124417831,0.5274330926542435,0.929943588961732,0.6731039810191187,0.6840541362762451
TsubasaNoKioku/000,TsubasaNoKioku,000,0.35960220847468904,0.36325334802679765,0.9728090696418931,0.528981500961402,0.648684024810791
TsubasaNoKioku/001,TsubasaNoKioku,001,0.7003460980238919,0.702283849918434,0.9960756737138191,0.823768877216021,0.6342248916625977
TsubasaNoKioku/002,TsubasaNoKioku,002,0.5618273140397034,0.6402871161184809,0.8209459459459459,0.719448698315467,0.6305906772613525
TsubasaNoKioku/003,TsubasaNoKioku,003,0.6898465332967937,0.7505217650566488,0.8951017868254956,0.8164605716602473,0.6566891670227051
TsubasaNoKioku/004,TsubasaNoKioku,004,0.5266453115899825,0.6161839863713799,0.7837486457204768,0.6899380066762041,0.6810729503631592
TsubasaNoKioku/005,TsubasaNoKioku,005,0.7533311345646438,0.7851299326275265,0.948980015787943,0.8593141588758677,0.6755115985870361
TsubasaNoKioku/006,TsubasaNoKioku,006,0.4537177541729894,0.6189194783688677,0.6296062328911349,0.6242171189979122,0.6734440326690674
TsubasaNoKioku/007,TsubasaNoKioku,007,0.5976838264456255,0.6444577488881287,0.8917159763313609,0.7481878661503326,0.6665325164794922
TsubasaNoKioku/008,TsubasaNoKioku,008,0.62667493204902,0.6735342353423535,0.900075337305664,0.7704980505965467,0.6514253616333008
TsubasaNoKioku/009,TsubasaNoKioku,009,0.7945174783388109,0.8541030994058134,0.9192809610232477,0.8854942767950053,0.639578104019165
UchiNoNyan'sDiary/000,UchiNoNyan'sDiary,000,0.7152999867072227,0.723852252765513,0.9837509409613937,0.8340231939024835,0.6534028053283691
UchiNoNyan'sDiary/001,UchiNoNyan'sDiary,001,0.7608619440484259,0.7703684422253247,0.9840401414623825,0.8641926150088927,0.6742508411407471
UchiNoNyan'sDiary/002,UchiNoNyan'sDiary,002,0.7760950565772077,0.8140150560097972,0.9433753548171648,0.873934144124983,0.668950080871582
UchiNoNyan'sDiary/003,UchiNoNyan'sDiary,003,0.7291699730201555,0.8058052352347963,0.8846209386281588,0.8433757055665183,0.6687870025634766
UchiNoNyan'sDiary/004,UchiNoNyan'sDiary,004,0.7344313725490196,0.7980228396113858,0.9021194605009634,0.8468843266708872,0.6637582778930664
UchiNoNyan'sDiary/005,UchiNoNyan'sDiary,005,0.7494980143679443,0.7576796427443728,0.9857972885732731,0.8568149357274025,0.6742591857910156
UchiNoNyan'sDiary/006,UchiNoNyan'sDiary,006,0.7029058435354217,0.7978714174162015,0.8551899440474899,0.825536944633546,0.6503796577453613
UchiNoNyan'sDiary/007,UchiNoNyan'sDiary,007,0.6104546041585949,0.6797411468632033,0.8569162436548223,0.7581146374225626,0.6469743251800537
UchiNoNyan'sDiary/008,UchiNoNyan'sDiary,008,0.766763902565913,0.9221487307829818,0.8198343167054055,0.8679868333876684,0.6456882953643799
UchiNoNyan'sDiary/009,UchiNoNyan'sDiary,009,0.7823074780671215,0.9061617872409066,0.8512709777626245,0.8778591659341732,0.652446985244751
UchuKigekiM774/000,UchuKigekiM774,000,0.6346962557632873,0.7333951309947797,0.8250584528919088,0.7765311182742376,0.6601786613464355
UchuKigekiM774/001,UchuKigekiM774,001,0.7828272410461291,0.9206716036772217,0.8394491140655196,0.8781863133152273,0.6666812896728516
UchuKigekiM774/002,UchuKigekiM774,002,0.5792428280623702,0.82412217843067,0.6609475461261239,0.7335703132786288,0.6856622695922852
UchuKigekiM774/003,UchuKigekiM774,003,0.744190187872852,0.760036980342826,0.9727464938994821,0.8533360559497677,0.6891443729400635
UchuKigekiM774/004,UchuKigekiM774,004,0.8832961874519241,0.9001628107977729,0.9792277080509031,0.9380321516468556,0.6664416790008545
UchuKigekiM774/005,UchuKigekiM774,005,0.7834830684174153,0.8928880837993227,0.8647597254004576,0.8785988297748671,0.6614570617675781
UchuKigekiM774/006,UchuKigekiM774,006,0.8890185604955451,0.9290304423284395,0.9537935518046761,0.9412491534888142,0.6301004886627197
UchuKigekiM774/007,UchuKigekiM774,007,0.8606812535544315,0.8816882838132033,0.9730630615387218,0.9251248723125306,0.6466448307037354
UchuKigekiM774/008,UchuKigekiM774,008,0.8322276135248212,0.8886667063126282,0.9290976917696433,0.9084325630523492,0.6411952972412109
UchuKigekiM774/009,UchuKigekiM774,009,0.7849738770468544,0.8134048257372655,0.9573705747032837,0.8795354230567816,0.6452152729034424
UltraEleven/000,UltraEleven,000,0.5520326979445446,0.6474963786556004,0.7892181955422136,0.711367355437339,0.6447513103485107
UltraEleven/001,UltraEleven,001,0.7577868393148098,0.8466917749501527,0.8782985781516971,0.8622056126102267,0.6282362937927246
UltraEleven/002,UltraEleven,002,0.44395274329195034,0.7702275490706966,0.511725061164197,0.6149131200510324,0.622866153717041
UltraEleven/003,UltraEleven,003,0.5417060812999702,0.8459094680183735,0.6010121341077693,0.7027358688800169,0.6251661777496338
UltraEleven/004,UltraEleven,004,0.8105330298769262,0.8790661111547834,0.9122546540275082,0.8953529336407892,0.6367731094360352
UltraEleven/005,UltraEleven,005,0.7510455231043466,0.8703744165259708,0.845632791694006,0.8578252400575551,0.6520349979400635
UltraEleven/006,UltraEleven,006,0.7139521867754057,0.8854139811601388,0.7866342477579858,0.8331063051631804,0.6411647796630859
UltraEleven/007,UltraEleven,007,0.7964475418347378,0.8238726735659251,0.9598811113918871,0.8866916770876754,0.6519341468811035
UltraEleven/008,UltraEleven,008,0.8885669712502786,0.9170787809085681,0.9661941112322792,0.9409959877271654,0.6605644226074219
UltraEleven/009,UltraEleven,009,0.8829879874506436,0.9029802495943786,0.9755390373767726,0.9378583329637818,0.6767096519470215
UnbalanceTokyo/000,UnbalanceTokyo,000,0.6186730603387004,0.658074856607159,0.9117610089244563,0.7644200370014753,0.6528637409210205
UnbalanceTokyo/001,UnbalanceTokyo,001,0.8256561610625066,0.8834974452678239,0.9265326882814255,0.9045034642032332,0.6625995635986328
UnbalanceTokyo/002,UnbalanceTokyo,002,0.8126637245415713,0.8844000410930758,0.9092469370511196,0.8966513904801583,0.6404964923858643
UnbalanceTokyo/003,UnbalanceTokyo,003,0.7353251663270567,0.8712041884816754,0.8250103291557637,0.8474782485675886,0.6436107158660889
UnbalanceTokyo/004,UnbalanceTokyo,004,0.8054542156289682,0.87127439223809,0.914251069573772,0.892245517672539,0.6475646495819092
UnbalanceTokyo/005,UnbalanceTokyo,005,0.7781942221847891,0.8363809178962615,0.9179375093139933,0.875263469508585,0.6489267349243164
UnbalanceTokyo/006,UnbalanceTokyo,006,0.8431086354293884,0.8477043337626164,0.9936108965807765,0.9148767676767676,0.6467030048370361
UnbalanceTokyo/007,UnbalanceTokyo,007,0.8254363492709555,0.848180677540778,0.9685357905382628,0.9043715488635022,0.6436665058135986
UnbalanceTokyo/008,UnbalanceTokyo,008,0.8601753933453701,0.895515574650913,0.9561340634765905,0.9248325683939046,0.6406219005584717
UnbalanceTokyo/009,UnbalanceTokyo,009,0.8425465455591632,0.9051571882726952,0.9241310913762791,0.9145457384399189,0.6352975368499756
WarewareHaOniDearu/000,WarewareHaOniDearu,000,0.6486268766019773,0.7500211702938436,0.827524992992619,0.7868692253020612,0.6198575496673584
WarewareHaOniDearu/001,WarewareHaOniDearu,001,0.8136021631789325,0.862959037346468,0.9343188875388146,0.897222312254886,0.6276555061340332
WarewareHaOniDearu/002,WarewareHaOniDearu,002,0.6721014492753623,0.9987213136819436,0.672680295544173,0.8039003250270856,0.6372654438018799
WarewareHaOniDearu/003,WarewareHaOniDearu,003,0.7344279750063044,0.8546136289533747,0.8392891450528338,0.8468820678513732,0.63291335105896
WarewareHaOniDearu/004,WarewareHaOniDearu,004,0.8865569566146613,0.9246166191155493,0.9556302985624769,0.9398676817110749,0.6269690990447998
WarewareHaOniDearu/005,WarewareHaOniDearu,005,0.8693469126130617,0.9065354623096918,0.9549383923332682,0.9301076292980284,0.6302008628845215
WarewareHaOniDearu/006,WarewareHaOniDearu,006,0.8168474462191617,0.8427659517641088,0.9637163276525563,0.8991921120499266,0.6214532852172852
WarewareHaOniDearu/007,WarewareHaOniDearu,007,0.7402893678333433,0.7437946738245318,0.9936742012168097,0.8507658341382641,0.6303198337554932
WarewareHaOniDearu/008,WarewareHaOniDearu,008,0.7901450610177296,0.7951617388080452,0.9920786354437698,0.8827721040310755,0.649482011795044
WarewareHaOniDearu/009,WarewareHaOniDearu,009,0.7930618875438872,0.7970297029702971,0.9937619016350384,0.8845895315194201,0.6633539199829102
YamatoNoHane/000,YamatoNoHane,000,0.5258028596486042,0.7123936930081041,0.6674964660553672,0.6892146732110564,0.67022705078125
YamatoNoHane/001,YamatoNoHane,001,0.23668645015668927,0.6598589768800741,0.2695763947069423,0.3827751975882017,0.6390848159790039
YamatoNoHane/002,YamatoNoHane,002,0.6430464439327453,0.8862343572241184,0.7009044845385235,0.7827489555238247,0.6379549503326416
YamatoNoHane/003,YamatoNoHane,003,0.7558223675394634,0.8555134233277719,0.86642089093702,0.8609326108524765,0.6601636409759521
YamatoNoHane/004,YamatoNoHane,004,0.42640099626400996,0.8662715049877114,0.4564463911635879,0.5978697398288808,0.6297609806060791
YamatoNoHane/005,YamatoNoHane,005,0.7745667909629305,0.908155720577362,0.8403986315632902,0.8729643706931184,0.6359667778015137
YamatoNoHane/006,YamatoNoHane,006,0.8459893048128342,0.8957721667645332,0.9383567662565905,0.9165701042873696,0.6288580894470215
YamatoNoHane/007,YamatoNoHane,007,0.867853833447484,0.9014102188559233,0.9588693523258401,0.9292524049868427,0.6554977893829346
YamatoNoHane/008,YamatoNoHane,008,0.8716417910447761,0.916138309693444,0.9472190308846388,0.9314194577352471,0.639854907989502
YamatoNoHane/009,YamatoNoHane,009,0.8895341576120894,0.9403881700554528,0.9426907550790815,0.9415380547936152,0.641425371170044
YasasiiAkuma/000,YasasiiAkuma,000,0.83433568668468,0.9125778568704715,0.9068144499178982,0.9096870248352762,0.6336402893066406
YasasiiAkuma/001,YasasiiAkuma,001,0.2911422060358231,0.29967555243774113,0.9109082428200174,0.45098394998597885,0.6409049034118652
YasasiiAkuma/002,YasasiiAkuma,002,0.9220983194597141,0.9410161884917455,0.9786631105184197,0.9594705017159666,0.6393699645996094
YasasiiAkuma/003,YasasiiAkuma,003,0.8334050796383986,0.8495161015089832,0.9777503437052832,0.9091335994364874,0.6334424018859863
YasasiiAkuma/004,YasasiiAkuma,004,0.844435300382437,0.8603876886652856,0.9785151319664545,0.9156572748389129,0.6424338817596436
YasasiiAkuma/005,YasasiiAkuma,005,0.5717641615205282,0.8882744892034615,0.6160690316395014,0.7275444694799534,0.65152907371521
YasasiiAkuma/006,YasasiiAkuma,006,0.8521172638436482,0.8667762285956635,0.9805391466010975,0.9201547660921562,0.67917799949646
YasasiiAkuma/007,YasasiiAkuma,007,0.8769569562159961,0.9117828144841652,0.9582634016136534,0.9344454632395713,0.6641883850097656
YasasiiAkuma/008,YasasiiAkuma,008,0.8135571407559935,0.8641929499072356,0.9328175724103039,0.8971949352716361,0.64013671875
YasasiiAkuma/009,YasasiiAkuma,009,0.8587950511027435,0.8866277916617081,0.9647358425414365,0.9240341484589784,0.6293907165527344
YoumaKourin/000,YoumaKourin,000,0.726787433272075,0.8016577483999581,0.8861296802297262,0.8417798499898641,0.6123087406158447
YoumaKourin/001,YoumaKourin,001,0.8324881105326031,0.8818192670407067,0.9370322449704442,0.9085877346190746,0.616269588470459
YoumaKourin/002,YoumaKourin,002,0.8588830668637198,0.8796844181459567,0.973206130112656,0.9240850940805165,0.6277289390563965
YoumaKourin/003,YoumaKourin,003,0.847098284918676,0.882449894514768,0.9548437722927664,0.917220585212088,0.6470956802368164
YoumaKourin/004,YoumaKourin,004,0.8681412430554111,0.9135937636857318,0.9457982907532927,0.9294171372562122,0.6416840553283691
YoumaKourin/005,YoumaKourin,005,0.8788902321987212,0.9286852537171906,0.9425004678018659,0.935541860974202,0.648815393447876
YoumaKourin/006,YoumaKourin,006,0.925223340495307,0.9791174270755423,0.9438484166810867,0.9611594883919,0.6426408290863037
YoumaKourin/007,YoumaKourin,007,0.839520828836607,0.9596256872973354,0.8702593853382558,0.9127603402757406,0.642167329788208
YoumaKourin/008,YoumaKourin,008,0.8745689230466056,0.8984169399570833,0.9705425678483172,0.9330880420499342,0.6273167133331299
YoumaKourin/009,YoumaKourin,009,0.7977364145437338,0.8983878847093307,0.876853055916775,0.887489854563801,0.6287667751312256
YukiNoFuruMachi/000,YukiNoFuruMachi,000,0.7513367463026166,0.7683753308577578,0.9713322711116559,0.8580151680010394,0.6094563007354736
YukiNoFuruMachi/001,YukiNoFuruMachi,001,0.7667605046397664,0.8524894221294848,0.8840536154354751,0.867984656240779,0.6370654106140137
YukiNoFuruMachi/002,YukiNoFuruMachi,002,0.8587706836871486,0.9308789242531041,0.9172614976919131,0.9240200431649255,0.6706874370574951
YukiNoFuruMachi/003,YukiNoFuruMachi,003,0.89169765247794,0.9074863742904747,0.980861974238447,0.942748595485016,0.6690294742584229
YukiNoFuruMachi/004,YukiNoFuruMachi,004,0.8102211959163831,0.875759466649151,0.9154450890864774,0.895162643928967,0.6945185661315918
YukiNoFuruMachi/005,YukiNoFuruMachi,005,0.8571826086956522,0.8707101637027441,0.9821978956318419,0.9230999737798256,0.6692688465118408
YukiNoFuruMachi/006,YukiNoFuruMachi,006,0.8687839404478613,0.8992642182713866,0.9624509936460728,0.9297853236470491,0.6425294876098633
YukiNoFuruMachi/007,YukiNoFuruMachi,007,0.8463343583104063,0.9525934696479803,0.8835480464625132,0.9167725818468685,0.6354899406433105
YukiNoFuruMachi/008,YukiNoFuruMachi,008,0.9057656891911036,0.9373698871133265,0.9641123073675322,0.950553044719315,0.6144886016845703
YukiNoFuruMachi/009,YukiNoFuruMachi,009,0.8459491366028373,0.8922421070403512,0.9422121191861113,0.916546528643434,0.6350665092468262
YumeNoKayoiji/000,YumeNoKayoiji,000,0.39239697489583697,0.7140991127323701,0.46553335548724767,0.5636280198399477,0.6430745124816895
YumeNoKayoiji/001,YumeNoKayoiji,001,0.542543202148164,0.7306813391609167,0.6781566592537682,0.7034398795347994,0.6428780555725098
YumeNoKayoiji/002,YumeNoKayoiji,002,0.8205692418081799,0.9849563619660082,0.8309838686237465,0.9014424971754381,0.645658016204834
YumeNoKayoiji/003,YumeNoKayoiji,003,0.6880311614730878,0.8508246971245074,0.7824161073825503,0.8151877491084539,0.6319339275360107
YumeNoKayoiji/004,YumeNoKayoiji,004,0.8196687689073476,0.8410143097643098,0.9699654147199805,0.9008988700724168,0.6182875633239746
YumeNoKayoiji/005,YumeNoKayoiji,005,0.552396381800999,0.5891772024306655,0.8984628897672375,0.7116692466909015,0.6286680698394775
YumeNoKayoiji/006,YumeNoKayoiji,006,0.6734704330678413,0.7754253531094271,0.8366580764213675,0.8048787952987267,0.6434855461120605
YumeNoKayoiji/007,YumeNoKayoiji,007,0.7561487268518519,0.9211314769122312,0.8084925361590224,0.861144292952177,0.6516468524932861
YumeNoKayoiji/008,YumeNoKayoiji,008,0.7732186190161041,0.7919802548102828,0.9702732054257789,0.8721074894252302,0.6516783237457275
YumeNoKayoiji/009,YumeNoKayoiji,009,0.8107763430575482,0.9904576436222006,0.8171593830334191,0.8955013645567392,0.667149543762207
YumeiroCooking/000,YumeiroCooking,000,0.3959173160665832,0.4106307504022564,0.9170088790233074,0.5672503829699589,0.6593472957611084
YumeiroCooking/001,YumeiroCooking,001,0.7868524996158609,0.946692475831095,0.8233319146923913,0.8807134330170163,0.666374921798706
YumeiroCooking/002,YumeiroCooking,002,0.6655902712173002,0.9274994614519256,0.7021199492661714,0.7992244944260537,0.6520538330078125
YumeiroCooking/003,YumeiroCooking,003,0.7527269858177013,0.8347223133626441,0.8845645673489256,0.858920975038826,0.665848970413208
YumeiroCooking/004,YumeiroCooking,004,0.8783631761507453,0.9302983666782505,0.9402408429503262,0.9352431811943204,0.6304512023925781
YumeiroCooking/005,YumeiroCooking,005,0.8656311701987627,0.8822140538220063,0.9787468373269832,0.9279767448423785,0.641923189163208
YumeiroCooking/006,YumeiroCooking,006,0.7683015086566832,0.8845377343374459,0.8539430127154038,0.8689711623221256,0.6489019393920898
YumeiroCooking/007,YumeiroCooking,007,0.8937866268700179,0.9161287915531844,0.9734390485629336,0.9439148150995618,0.6546134948730469
YumeiroCooking/008,YumeiroCooking,008,0.7919460954136605,0.8342093809635408,0.939874014559994,0.8838949982263213,0.6555130481719971
YumeiroCooking/009,YumeiroCooking,009,0.913126764350047,0.9466587694237335,0.9626572187776794,0.9545909673792752,0.6673874855041504
